fetched_at,symbol,date,open,high,low,close,volume,prev_close,pct_change,ma5,ma10,ma20,prev_close_derived,pct_change_calc,range,range_pct,body,upper_shadow,lower_shadow,direction,close_scaled,cum_return_pct,fetch_hour
2026-03-25 11:04:53,ADBL,2026-03-25,328.5,329.6,326.4,327.0,49368,334.9,-2.36,327.0,327.0,327.0,334.9,-2.36,3.2,0.98,-1.5,1.1,0.6,DOWN,0.125,-2.36,11
2026-03-25 11:09:29,ADBL,2026-03-25,328.5,330.0,328.4,328.6,146214,334.9,-1.88,327.8,327.8,327.8,327.0,0.49,1.6,0.49,0.1,1.4,0.1,UP,0.525,-1.87,11
2026-03-25 11:18:23,ADBL,2026-03-25,328.5,331.6,326.7,328.9,74997,334.9,-1.79,328.17,328.17,328.17,328.6,0.09,4.9,1.5,0.4,2.7,1.8,UP,0.6,-1.78,11
2026-03-25 11:22:17,ADBL,2026-03-25,328.5,332.7,328.0,330.4,159745,334.9,-1.34,328.72,328.72,328.72,328.9,0.46,4.7,1.43,1.9,2.3,0.5,UP,0.975,-1.32,11
2026-03-25 11:28:25,ADBL,2026-03-25,328.5,330.5,327.9,329.9,112209,334.9,-1.49,328.96,328.96,328.96,330.4,-0.15,2.6,0.79,1.4,0.6,0.6,UP,0.85,-1.47,11
2026-03-25 11:32:05,ADBL,2026-03-25,328.5,330.1,328.4,329.9,38433,334.9,-1.49,329.54,329.12,329.12,329.9,0.0,1.7,0.52,1.4,0.2,0.1,UP,0.85,-1.47,11
2026-03-25 11:36:12,ADBL,2026-03-25,328.5,328.9,326.2,326.8,89416,334.9,-2.42,329.18,328.79,328.79,329.9,-0.94,2.7,0.83,-1.7,0.4,0.6,DOWN,0.075,-2.41,11
2026-03-25 11:40:14,ADBL,2026-03-25,328.5,332.5,327.4,330.1,132572,334.9,-1.43,329.42,328.95,328.95,326.8,1.01,5.1,1.56,1.6,2.4,1.1,UP,0.9,-1.4,11
2026-03-25 11:43:29,ADBL,2026-03-25,328.5,329.7,328.2,328.4,67846,334.9,-1.94,329.02,328.89,328.89,330.1,-0.51,1.5,0.46,-0.1,1.2,0.2,DOWN,0.475,-1.91,11
2026-03-25 11:55:58,ADBL,2026-03-25,328.5,329.1,326.0,326.5,83399,334.9,-2.51,328.34,328.65,328.65,328.4,-0.58,3.1,0.95,-2.0,0.6,0.5,DOWN,0.0,-2.49,11
2026-03-25 11:59:40,ADBL,2026-03-25,328.5,330.7,326.9,329.9,199160,334.9,-1.49,328.34,328.94,328.76,326.5,1.04,3.8,1.16,1.4,0.8,1.6,UP,0.85,-1.45,11
2026-03-25 12:02:47,ADBL,2026-03-25,328.5,329.1,325.2,326.5,127990,334.9,-2.51,328.28,328.73,328.58,329.9,-1.03,3.9,1.2,-2.0,0.6,1.3,DOWN,0.0,-2.48,12
2026-03-25 12:12:49,ADBL,2026-03-25,328.5,329.5,325.2,327.9,98139,334.9,-2.09,327.84,328.63,328.52,326.5,0.43,4.3,1.32,-0.6,1.0,2.7,DOWN,0.35,-2.05,12
2026-03-25 12:15:15,ADBL,2026-03-25,328.5,330.9,327.9,329.2,74392,334.9,-1.7,328.0,328.51,328.57,327.9,0.4,3.0,0.91,0.7,1.7,0.6,UP,0.675,-1.65,12
2026-03-25 12:18:39,ADBL,2026-03-25,328.5,328.5,325.4,328.0,133368,334.9,-2.06,328.3,328.32,328.53,329.2,-0.36,3.1,0.95,-0.5,0.0,2.6,DOWN,0.375,-2.01,12
2026-03-25 12:21:46,ADBL,2026-03-25,328.5,332.0,327.9,330.0,105322,334.9,-1.46,328.32,328.33,328.62,328.0,0.61,4.1,1.25,1.5,2.0,0.6,UP,0.875,-1.4,12
2026-03-25 12:24:50,ADBL,2026-03-25,328.5,330.9,327.7,330.1,110983,334.9,-1.43,329.04,328.66,328.71,330.0,0.03,3.2,0.98,1.6,0.8,0.8,UP,0.9,-1.37,12
2026-03-25 12:28:20,ADBL,2026-03-25,328.5,328.9,326.3,328.2,31550,334.9,-2.0,329.1,328.47,328.68,330.1,-0.58,2.6,0.8,-0.3,0.4,1.9,DOWN,0.425,-1.95,12
2026-03-25 12:32:54,ADBL,2026-03-25,328.5,331.6,327.2,329.8,155010,334.9,-1.52,329.22,328.61,328.74,328.2,0.49,4.4,1.34,1.3,1.8,1.3,UP,0.825,-1.46,12
2026-03-25 12:36:50,ADBL,2026-03-25,328.5,330.2,327.6,329.8,134203,334.9,-1.52,329.58,328.94,328.79,329.8,0.0,2.6,0.79,1.3,0.4,0.9,UP,0.825,-1.46,12
2026-03-25 12:40:36,ADBL,2026-03-25,328.5,329.6,328.1,329.1,40192,334.9,-1.73,329.4,328.86,328.9,329.8,-0.21,1.5,0.46,0.6,0.5,0.4,UP,0.65,-1.67,12
2026-03-25 12:46:45,ADBL,2026-03-25,328.5,329.0,326.0,328.8,49201,334.9,-1.82,329.14,329.09,328.91,329.1,-0.09,3.0,0.92,0.3,0.2,2.5,UP,0.575,-1.76,12
2026-03-25 12:49:57,ADBL,2026-03-25,328.5,328.8,327.6,328.7,98556,334.9,-1.85,329.24,329.17,328.9,328.8,-0.03,1.2,0.37,0.2,0.1,0.9,UP,0.55,-1.79,12
2026-03-25 12:53:27,ADBL,2026-03-25,328.5,330.6,326.1,328.8,69890,334.9,-1.82,329.04,329.13,328.82,328.7,0.03,4.5,1.38,0.3,1.8,2.4,UP,0.575,-1.76,12
2026-03-25 12:58:25,ADBL,2026-03-25,328.5,330.9,327.5,329.2,36696,334.9,-1.7,328.92,329.25,328.78,328.8,0.12,3.4,1.04,0.7,1.7,1.0,UP,0.675,-1.64,12
2026-03-25 13:07:20,ADBL,2026-03-25,328.5,329.5,326.4,327.2,134754,334.9,-2.3,328.54,328.97,328.65,329.2,-0.61,3.1,0.95,-1.3,1.0,0.8,DOWN,0.175,-2.25,13
2026-03-25 13:15:58,ADBL,2026-03-25,328.5,330.3,325.2,327.4,37606,334.9,-2.24,328.26,328.7,328.68,327.2,0.06,5.1,1.57,-1.1,1.8,2.2,DOWN,0.225,-2.19,13
2026-03-25 13:25:43,ADBL,2026-03-25,328.5,328.8,326.0,326.8,144027,334.9,-2.42,327.88,328.56,328.52,327.4,-0.18,2.8,0.86,-1.7,0.3,0.8,DOWN,0.075,-2.37,13
2026-03-25 13:28:18,ADBL,2026-03-25,328.5,330.5,327.5,328.1,64348,334.9,-2.03,327.74,328.39,328.5,326.8,0.4,3.0,0.92,-0.4,2.0,0.6,DOWN,0.4,-1.97,13
2026-03-25 13:32:42,ADBL,2026-03-25,328.5,328.9,325.9,328.7,126292,334.9,-1.85,327.64,328.28,328.61,328.1,0.18,3.0,0.92,0.2,0.2,2.6,UP,0.55,-1.79,13
2026-03-25 13:36:16,ADBL,2026-03-25,328.5,332.6,328.1,329.6,145082,334.9,-1.58,328.12,328.33,328.6,328.7,0.27,4.5,1.37,1.1,3.0,0.4,UP,0.775,-1.52,13
2026-03-25 13:39:29,ADBL,2026-03-25,328.5,329.8,326.5,328.1,44181,334.9,-2.03,328.26,328.26,328.68,329.6,-0.46,3.3,1.01,-0.4,1.3,1.6,DOWN,0.4,-1.98,13
2026-03-25 13:43:41,ADBL,2026-03-25,328.5,331.0,328.1,329.5,169333,334.9,-1.61,328.8,328.34,328.76,328.1,0.43,2.9,0.88,1.0,1.5,0.4,UP,0.75,-1.55,13
2026-03-25 13:52:42,ADBL,2026-03-25,328.5,329.8,325.5,328.0,185448,334.9,-2.06,328.78,328.26,328.7,329.5,-0.46,4.3,1.32,-0.5,1.3,2.5,DOWN,0.375,-2.01,13
2026-03-25 14:01:27,ADBL,2026-03-25,328.5,329.2,326.0,327.7,109979,334.9,-2.15,328.58,328.11,328.68,328.0,-0.09,3.2,0.98,-0.8,0.7,1.7,DOWN,0.3,-2.1,14
2026-03-25 14:05:01,ADBL,2026-03-25,328.5,328.7,324.9,327.7,160666,334.9,-2.15,328.2,328.16,328.56,327.7,0.0,3.8,1.17,-0.8,0.2,2.8,DOWN,0.3,-2.1,14
2026-03-25 14:08:37,ADBL,2026-03-25,328.5,328.8,326.5,326.7,79166,334.9,-2.45,327.92,328.09,328.4,327.7,-0.31,2.3,0.7,-1.8,0.3,0.2,DOWN,0.05,-2.41,14
2026-03-25 14:11:50,ADBL,2026-03-25,328.5,329.1,327.2,328.4,46288,334.9,-1.94,327.7,328.25,328.4,326.7,0.52,1.9,0.58,-0.1,0.6,1.2,DOWN,0.475,-1.89,14
2026-03-25 14:18:49,ADBL,2026-03-25,328.5,331.8,327.5,330.4,49520,334.9,-1.34,328.18,328.48,328.44,328.4,0.61,4.3,1.31,1.9,1.4,1.0,UP,0.975,-1.28,14
2026-03-25 14:23:02,ADBL,2026-03-25,328.5,328.5,326.4,327.3,68604,334.9,-2.27,328.1,328.34,328.31,330.4,-0.94,2.1,0.64,-1.2,0.0,0.9,DOWN,0.2,-2.22,14
2026-03-25 14:32:57,ADBL,2026-03-25,328.5,329.7,326.7,328.7,49583,334.9,-1.85,328.3,328.25,328.29,327.3,0.43,3.0,0.92,0.2,1.0,1.8,UP,0.55,-1.79,14
2026-03-25 14:43:02,ADBL,2026-03-25,328.5,328.5,325.3,326.5,124275,334.9,-2.51,328.26,328.09,328.18,328.7,-0.67,3.2,0.98,-2.0,0.0,1.2,DOWN,0.0,-2.46,14
2026-03-25 14:54:00,ADBL,2026-03-25,328.5,331.7,327.9,330.5,168749,334.9,-1.31,328.68,328.19,328.26,326.5,1.23,3.8,1.16,2.0,1.2,0.6,UP,1.0,-1.23,14
2026-03-25 11:00:02,EBL,2026-03-25,600.0,602.9,599.4,601.3,18865,598.0,0.55,601.3,601.3,601.3,598.0,0.55,3.5,0.58,1.3,1.6,0.6,UP,0.8684,0.55,11
2026-03-25 11:04:53,EBL,2026-03-25,600.0,600.1,597.3,599.7,141174,598.0,0.28,600.5,600.5,600.5,601.3,-0.27,2.8,0.47,-0.3,0.1,2.4,DOWN,0.4474,0.28,11
2026-03-25 11:18:23,EBL,2026-03-25,600.0,603.2,599.7,601.1,150424,598.0,0.52,600.7,600.7,600.7,599.7,0.23,3.5,0.58,1.1,2.1,0.3,UP,0.8158,0.51,11
2026-03-25 11:22:17,EBL,2026-03-25,600.0,600.7,599.1,599.5,51848,598.0,0.25,600.4,600.4,600.4,601.1,-0.27,1.6,0.27,-0.5,0.7,0.4,DOWN,0.3947,0.24,11
2026-03-25 11:25:23,EBL,2026-03-25,600.0,601.1,598.1,600.0,81397,598.0,0.33,600.32,600.32,600.32,599.5,0.08,3.0,0.5,0.0,1.1,1.9,UP,0.5263,0.32,11
2026-03-25 11:32:05,EBL,2026-03-25,600.0,601.4,596.7,598.5,148088,598.0,0.08,599.76,600.02,600.02,600.0,-0.25,4.7,0.79,-1.5,1.4,1.8,DOWN,0.1316,0.07,11
2026-03-25 11:36:12,EBL,2026-03-25,600.0,601.5,598.1,600.2,161308,598.0,0.37,599.86,600.04,600.04,598.5,0.28,3.4,0.57,0.2,1.3,1.9,UP,0.5789,0.35,11
2026-03-25 11:40:14,EBL,2026-03-25,600.0,601.2,597.5,599.1,171889,598.0,0.18,599.46,599.92,599.92,600.2,-0.18,3.7,0.62,-0.9,1.2,1.6,DOWN,0.2895,0.17,11
2026-03-25 11:43:29,EBL,2026-03-25,600.0,602.3,597.0,599.7,80762,598.0,0.28,599.5,599.9,599.9,599.1,0.1,5.3,0.89,-0.3,2.3,2.7,DOWN,0.4474,0.27,11
2026-03-25 11:48:43,EBL,2026-03-25,600.0,601.3,597.9,598.3,88950,598.0,0.05,599.16,599.74,599.74,599.7,-0.23,3.4,0.57,-1.7,1.3,0.4,DOWN,0.0789,0.04,11
2026-03-25 11:53:23,EBL,2026-03-25,600.0,600.0,596.3,599.1,78497,598.0,0.18,599.28,599.52,599.68,598.3,0.13,3.7,0.62,-0.9,0.0,2.8,DOWN,0.2895,0.17,11
2026-03-25 11:55:58,EBL,2026-03-25,600.0,600.3,595.1,598.0,37844,598.0,0.0,598.84,599.35,599.54,599.1,-0.18,5.2,0.87,-2.0,0.3,2.9,DOWN,0.0,-0.01,11
2026-03-25 11:59:40,EBL,2026-03-25,600.0,600.8,597.6,599.6,89580,598.0,0.27,598.94,599.2,599.55,598.0,0.27,3.2,0.54,-0.4,0.8,2.0,DOWN,0.4211,0.26,11
2026-03-25 12:07:00,EBL,2026-03-25,600.0,604.0,600.0,601.5,158516,598.0,0.59,599.3,599.4,599.69,599.6,0.32,4.0,0.67,1.5,2.5,0.0,UP,0.9211,0.58,12
2026-03-25 12:15:15,EBL,2026-03-25,600.0,600.5,598.4,600.0,195892,598.0,0.33,599.64,599.4,599.71,601.5,-0.25,2.1,0.35,0.0,0.5,1.6,UP,0.5263,0.33,12
2026-03-25 12:18:39,EBL,2026-03-25,600.0,600.5,596.8,598.4,81392,598.0,0.07,599.5,599.39,599.62,600.0,-0.27,3.7,0.62,-1.6,0.5,1.6,DOWN,0.1053,0.06,12
2026-03-25 12:21:46,EBL,2026-03-25,600.0,604.0,598.8,601.8,159040,598.0,0.64,600.26,599.55,599.75,598.4,0.57,5.2,0.87,1.8,2.2,1.2,UP,1.0,0.63,12
2026-03-25 12:24:50,EBL,2026-03-25,600.0,600.7,598.2,599.7,112417,598.0,0.28,600.28,599.61,599.75,601.8,-0.35,2.5,0.42,-0.3,0.7,1.5,DOWN,0.4474,0.28,12
2026-03-25 12:28:20,EBL,2026-03-25,600.0,602.4,598.7,601.1,170570,598.0,0.52,600.2,599.75,599.82,599.7,0.23,3.7,0.62,1.1,1.3,1.3,UP,0.8158,0.51,12
2026-03-25 12:40:36,EBL,2026-03-25,600.0,602.6,599.0,601.8,105521,598.0,0.64,600.56,600.1,599.92,601.1,0.12,3.6,0.6,1.8,0.8,1.0,UP,1.0,0.63,12
2026-03-25 12:46:45,EBL,2026-03-25,600.0,601.3,597.2,599.9,21964,598.0,0.32,600.86,600.18,599.85,601.8,-0.32,4.1,0.69,-0.1,1.3,2.7,DOWN,0.5,0.31,12
2026-03-25 12:49:57,EBL,2026-03-25,600.0,601.6,599.3,601.4,144737,598.0,0.57,600.78,600.52,599.94,599.9,0.25,2.3,0.38,1.4,0.2,0.7,UP,0.8947,0.56,12
2026-03-25 12:53:27,EBL,2026-03-25,600.0,603.8,598.1,600.9,65006,598.0,0.48,601.02,600.65,599.92,601.4,-0.08,5.7,0.95,0.9,2.9,1.9,UP,0.7632,0.48,12
2026-03-25 13:02:37,EBL,2026-03-25,600.0,602.8,598.8,600.7,195399,598.0,0.45,600.94,600.57,599.98,600.9,-0.03,4.0,0.67,0.7,2.1,1.2,UP,0.7105,0.45,13
2026-03-25 13:10:23,EBL,2026-03-25,600.0,601.5,599.8,600.9,71045,598.0,0.48,600.76,600.66,600.03,600.7,0.03,1.7,0.28,0.9,0.6,0.2,UP,0.7632,0.48,13
2026-03-25 13:21:19,EBL,2026-03-25,600.0,601.0,596.3,598.5,92459,598.0,0.08,600.48,600.67,600.03,600.9,-0.4,4.7,0.79,-1.5,1.0,2.2,DOWN,0.1316,0.08,13
2026-03-25 13:25:43,EBL,2026-03-25,600.0,600.1,598.8,599.4,32195,598.0,0.23,600.08,600.43,599.99,598.5,0.15,1.3,0.22,-0.6,0.1,0.6,DOWN,0.3684,0.23,13
2026-03-25 13:28:18,EBL,2026-03-25,600.0,600.0,597.5,599.9,191559,598.0,0.32,599.88,600.45,600.03,599.4,0.08,2.5,0.42,-0.1,0.0,2.4,DOWN,0.5,0.31,13
2026-03-25 13:39:29,EBL,2026-03-25,600.0,603.1,599.9,601.3,76330,598.0,0.55,600.0,600.47,600.11,599.9,0.23,3.2,0.53,1.3,1.8,0.1,UP,0.8684,0.54,13
2026-03-25 13:43:41,EBL,2026-03-25,600.0,600.4,599.0,599.2,69900,598.0,0.2,599.66,600.21,600.16,601.3,-0.35,1.4,0.23,-0.8,0.4,0.2,DOWN,0.3158,0.19,13
2026-03-25 13:47:18,EBL,2026-03-25,600.0,601.4,595.7,598.7,100876,598.0,0.12,599.7,600.09,600.14,599.2,-0.08,5.7,0.96,-1.3,1.4,3.0,DOWN,0.1842,0.11,13
2026-03-25 13:56:57,EBL,2026-03-25,600.0,600.8,597.3,599.8,125642,598.0,0.3,599.78,599.93,600.22,598.7,0.18,3.5,0.59,-0.2,0.8,2.5,DOWN,0.4737,0.29,13
2026-03-25 14:05:01,EBL,2026-03-25,600.0,600.2,596.9,599.0,122671,598.0,0.17,599.6,599.74,600.19,599.8,-0.13,3.3,0.55,-1.0,0.2,2.1,DOWN,0.2632,0.16,14
2026-03-25 14:18:49,EBL,2026-03-25,600.0,602.2,599.7,601.2,101260,598.0,0.54,599.58,599.79,600.18,599.0,0.37,2.5,0.42,1.2,1.0,0.3,UP,0.8421,0.53,14
2026-03-25 14:43:02,EBL,2026-03-25,600.0,601.8,598.6,599.3,112506,598.0,0.22,599.6,599.63,600.14,601.2,-0.32,3.2,0.53,-0.7,1.8,0.7,DOWN,0.3421,0.21,14
2026-03-25 14:45:39,EBL,2026-03-25,600.0,602.6,599.9,600.4,59203,598.0,0.4,599.94,599.82,600.24,599.3,0.18,2.7,0.45,0.4,2.2,0.1,UP,0.6316,0.39,14
2026-03-25 14:54:00,EBL,2026-03-25,600.0,600.4,598.1,599.9,186438,598.0,0.32,599.96,599.87,600.15,600.4,-0.08,2.3,0.38,-0.1,0.4,1.8,DOWN,0.5,0.31,14
2026-03-25 14:56:47,EBL,2026-03-25,600.0,600.5,596.0,598.5,66446,598.0,0.08,599.86,599.73,600.09,599.9,-0.23,4.5,0.76,-1.5,0.5,2.5,DOWN,0.1316,0.08,14
2026-03-25 11:00:02,GBIME,2026-03-25,320.0,321.8,318.7,320.2,91245,318.0,0.69,320.2,320.2,320.2,318.0,0.69,3.1,0.97,0.2,1.6,1.3,UP,0.5946,0.69,11
2026-03-25 11:13:11,GBIME,2026-03-25,320.0,321.5,318.3,319.6,171739,318.0,0.5,319.9,319.9,319.9,320.2,-0.19,3.2,1.01,-0.4,1.5,1.3,DOWN,0.4324,0.5,11
2026-03-25 11:18:23,GBIME,2026-03-25,320.0,322.0,319.4,320.2,71677,318.0,0.69,320.0,320.0,320.0,319.6,0.19,2.6,0.81,0.2,1.8,0.6,UP,0.5946,0.69,11
2026-03-25 11:22:17,GBIME,2026-03-25,320.0,323.8,319.4,321.0,164557,318.0,0.94,320.25,320.25,320.25,320.2,0.25,4.4,1.38,1.0,2.8,0.6,UP,0.8108,0.94,11
2026-03-25 11:25:23,GBIME,2026-03-25,320.0,322.8,319.4,320.7,136698,318.0,0.85,320.34,320.34,320.34,321.0,-0.09,3.4,1.06,0.7,2.1,0.6,UP,0.7297,0.85,11
2026-03-25 11:32:05,GBIME,2026-03-25,320.0,322.1,318.8,320.4,44535,318.0,0.75,320.38,320.35,320.35,320.7,-0.09,3.3,1.04,0.4,1.7,1.2,UP,0.6486,0.76,11
2026-03-25 11:43:29,GBIME,2026-03-25,320.0,321.6,318.4,318.6,83405,318.0,0.19,320.18,320.1,320.1,320.4,-0.56,3.2,1.01,-1.4,1.6,0.2,DOWN,0.1622,0.2,11
2026-03-25 11:48:43,GBIME,2026-03-25,320.0,320.9,318.2,319.6,195052,318.0,0.5,320.06,320.04,320.04,318.6,0.31,2.7,0.85,-0.4,0.9,1.4,DOWN,0.4324,0.51,11
2026-03-25 11:53:23,GBIME,2026-03-25,320.0,322.3,318.4,321.2,64400,318.0,1.01,320.1,320.17,320.17,319.6,0.5,3.9,1.22,1.2,1.1,1.6,UP,0.8649,1.01,11
2026-03-25 11:55:58,GBIME,2026-03-25,320.0,321.4,317.8,320.3,104209,318.0,0.72,320.02,320.18,320.18,321.2,-0.28,3.6,1.13,0.3,1.1,2.2,UP,0.6216,0.73,11
2026-03-25 11:59:40,GBIME,2026-03-25,320.0,322.5,317.3,319.6,30448,318.0,0.5,319.86,320.12,320.13,320.3,-0.22,5.2,1.64,-0.4,2.5,2.3,DOWN,0.4324,0.51,11
2026-03-25 12:02:47,GBIME,2026-03-25,320.0,322.9,318.1,320.3,199094,318.0,0.72,320.2,320.19,320.14,319.6,0.22,4.8,1.51,0.3,2.6,1.9,UP,0.6216,0.73,12
2026-03-25 12:12:49,GBIME,2026-03-25,320.0,320.4,318.1,318.7,76200,318.0,0.22,320.02,320.04,320.03,320.3,-0.5,2.3,0.72,-1.3,0.4,0.6,DOWN,0.1892,0.23,12
2026-03-25 12:15:15,GBIME,2026-03-25,320.0,322.3,319.0,320.9,158231,318.0,0.91,319.96,320.03,320.09,318.7,0.69,3.3,1.03,0.9,1.4,1.0,UP,0.7838,0.92,12
2026-03-25 12:18:39,GBIME,2026-03-25,320.0,321.3,318.9,321.2,58379,318.0,1.01,320.14,320.08,320.17,320.9,0.09,2.4,0.75,1.2,0.1,1.1,UP,0.8649,1.01,12
2026-03-25 12:21:46,GBIME,2026-03-25,320.0,322.6,318.6,320.6,29004,318.0,0.82,320.34,320.1,320.19,321.2,-0.19,4.0,1.26,0.6,2.0,1.4,UP,0.7027,0.82,12
2026-03-25 12:24:50,GBIME,2026-03-25,320.0,321.2,318.3,319.5,115431,318.0,0.47,320.18,320.19,320.15,320.6,-0.34,2.9,0.91,-0.5,1.2,1.2,DOWN,0.4054,0.48,12
2026-03-25 12:28:20,GBIME,2026-03-25,320.0,321.1,317.6,320.4,49070,318.0,0.75,320.52,320.27,320.17,319.5,0.28,3.5,1.1,0.4,0.7,2.4,UP,0.6486,0.76,12
2026-03-25 12:36:50,GBIME,2026-03-25,320.0,321.3,317.3,318.3,99766,318.0,0.09,320.0,319.98,320.07,320.4,-0.66,4.0,1.26,-1.7,1.3,1.0,DOWN,0.0811,0.1,12
2026-03-25 12:40:36,GBIME,2026-03-25,320.0,320.8,317.5,320.0,170903,318.0,0.63,319.76,319.95,320.06,318.3,0.53,3.3,1.04,0.0,0.8,2.5,UP,0.5405,0.63,12
2026-03-25 12:46:45,GBIME,2026-03-25,320.0,322.6,319.8,320.8,55624,318.0,0.88,319.8,320.07,320.1,320.0,0.25,2.8,0.88,0.8,1.8,0.2,UP,0.7568,0.88,12
2026-03-25 12:58:25,GBIME,2026-03-25,320.0,324.2,319.5,321.6,66781,318.0,1.13,320.22,320.2,320.2,320.8,0.25,4.7,1.47,1.6,2.6,0.5,UP,0.973,1.13,12
2026-03-25 13:02:37,GBIME,2026-03-25,320.0,324.3,319.0,321.7,17454,318.0,1.16,320.48,320.5,320.27,321.6,0.03,5.3,1.66,1.7,2.6,1.0,UP,1.0,1.16,13
2026-03-25 13:21:19,GBIME,2026-03-25,320.0,321.1,315.1,318.1,90417,318.0,0.03,320.44,320.22,320.12,321.7,-1.12,6.0,1.9,-1.9,1.1,3.0,DOWN,0.027,0.04,13
2026-03-25 13:36:16,GBIME,2026-03-25,320.0,322.0,319.5,321.6,53445,318.0,1.13,320.76,320.26,320.17,318.1,1.1,2.5,0.78,1.6,0.4,0.5,UP,0.973,1.14,13
2026-03-25 13:39:29,GBIME,2026-03-25,320.0,320.9,318.1,318.4,186732,318.0,0.13,320.28,320.04,320.07,321.6,-1.0,2.8,0.88,-1.6,0.9,0.3,DOWN,0.1081,0.14,13
2026-03-25 13:43:41,GBIME,2026-03-25,320.0,321.2,318.2,319.3,62597,318.0,0.41,319.82,320.02,320.1,318.4,0.28,3.0,0.94,-0.7,1.2,1.1,DOWN,0.3514,0.42,13
2026-03-25 13:52:42,GBIME,2026-03-25,320.0,323.3,319.6,320.9,42858,318.0,0.91,319.66,320.07,320.17,319.3,0.5,3.7,1.16,0.9,2.4,0.4,UP,0.7838,0.92,13
2026-03-25 13:56:57,GBIME,2026-03-25,320.0,322.1,316.8,319.3,108593,318.0,0.41,319.9,320.17,320.08,320.9,-0.5,5.3,1.67,-0.7,2.1,2.5,DOWN,0.3514,0.42,13
2026-03-25 14:05:01,GBIME,2026-03-25,320.0,320.2,315.1,318.0,100087,318.0,0.0,319.18,319.97,319.96,319.3,-0.41,5.1,1.62,-2.0,0.2,2.9,DOWN,0.0,0.01,14
2026-03-25 14:08:37,GBIME,2026-03-25,320.0,320.0,318.3,318.8,147756,318.0,0.25,319.26,319.77,319.92,318.0,0.25,1.7,0.53,-1.2,0.0,0.5,DOWN,0.2162,0.26,14
2026-03-25 14:11:50,GBIME,2026-03-25,320.0,320.4,316.5,319.3,93807,318.0,0.41,319.26,319.54,319.87,318.8,0.16,3.9,1.23,-0.7,0.4,2.8,DOWN,0.3514,0.42,14
2026-03-25 14:18:49,GBIME,2026-03-25,320.0,321.0,317.2,319.9,67327,318.0,0.6,319.06,319.36,319.93,319.3,0.19,3.8,1.2,-0.1,1.0,2.7,DOWN,0.5135,0.61,14
2026-03-25 14:23:02,GBIME,2026-03-25,320.0,320.6,317.6,319.9,157341,318.0,0.6,319.18,319.54,319.88,319.9,0.0,3.0,0.94,-0.1,0.6,2.3,DOWN,0.5135,0.61,14
2026-03-25 14:27:16,GBIME,2026-03-25,320.0,320.4,317.2,318.1,62343,318.0,0.03,319.2,319.19,319.73,319.9,-0.56,3.2,1.01,-1.9,0.4,0.9,DOWN,0.027,0.05,14
2026-03-25 14:37:02,GBIME,2026-03-25,320.0,321.7,317.4,319.9,176017,318.0,0.6,319.42,319.34,319.69,318.1,0.57,4.3,1.35,-0.1,1.7,2.5,DOWN,0.5135,0.62,14
2026-03-25 14:43:02,GBIME,2026-03-25,320.0,322.0,319.8,320.3,65211,318.0,0.72,319.62,319.44,319.73,319.9,0.13,2.2,0.69,0.3,1.7,0.2,UP,0.6216,0.75,14
2026-03-25 14:45:39,GBIME,2026-03-25,320.0,323.9,319.1,321.0,69755,318.0,0.94,319.84,319.45,319.76,320.3,0.22,4.8,1.5,1.0,2.9,0.9,UP,0.8108,0.97,14
2026-03-25 14:48:56,GBIME,2026-03-25,320.0,320.8,316.6,318.3,199545,318.0,0.09,319.52,319.35,319.76,321.0,-0.84,4.2,1.33,-1.7,0.8,1.7,DOWN,0.0811,0.13,14
2026-03-25 14:54:00,GBIME,2026-03-25,320.0,320.0,318.6,319.3,41525,318.0,0.41,319.76,319.48,319.73,318.3,0.31,1.4,0.44,-0.7,0.0,0.7,DOWN,0.3514,0.44,14
2026-03-25 14:56:47,GBIME,2026-03-25,320.0,323.4,318.2,321.0,63653,318.0,0.94,319.98,319.7,319.74,319.3,0.53,5.2,1.63,1.0,2.4,1.8,UP,0.8108,0.97,14
2026-03-25 11:00:02,NABIL,2026-03-25,544.0,544.2,543.0,543.3,158098,544.6,-0.24,543.3,543.3,543.3,544.6,-0.24,1.2,0.22,-0.7,0.2,0.3,DOWN,0.3333,-0.24,11
2026-03-25 11:13:11,NABIL,2026-03-25,544.0,546.7,542.9,545.1,80341,544.6,0.09,544.2,544.2,544.2,543.3,0.33,3.8,0.7,1.1,1.6,1.1,UP,0.8333,0.09,11
2026-03-25 11:18:23,NABIL,2026-03-25,544.0,544.0,540.5,542.1,80834,544.6,-0.46,543.5,543.5,543.5,545.1,-0.55,3.5,0.65,-1.9,0.0,1.6,DOWN,0.0,-0.46,11
2026-03-25 11:25:23,NABIL,2026-03-25,544.0,547.3,542.4,544.6,114271,544.6,0.0,543.78,543.78,543.78,542.1,0.46,4.9,0.9,0.6,2.7,1.6,UP,0.6944,0.0,11
2026-03-25 11:28:25,NABIL,2026-03-25,544.0,544.2,541.0,543.4,27364,544.6,-0.22,543.7,543.7,543.7,544.6,-0.22,3.2,0.59,-0.6,0.2,2.4,DOWN,0.3611,-0.22,11
2026-03-25 11:36:12,NABIL,2026-03-25,544.0,545.1,543.1,545.1,75705,544.6,0.09,544.06,543.93,543.93,543.4,0.31,2.0,0.37,1.1,0.0,0.9,UP,0.8333,0.09,11
2026-03-25 11:40:14,NABIL,2026-03-25,544.0,547.5,543.6,545.7,23506,544.6,0.2,544.18,544.19,544.19,545.1,0.11,3.9,0.72,1.7,1.8,0.4,UP,1.0,0.2,11
2026-03-25 11:48:43,NABIL,2026-03-25,544.0,545.7,543.5,544.0,115409,544.6,-0.11,544.56,544.16,544.16,545.7,-0.31,2.2,0.4,0.0,1.7,0.5,UP,0.5278,-0.11,11
2026-03-25 11:55:58,NABIL,2026-03-25,544.0,546.3,542.9,544.5,99742,544.6,-0.02,544.54,544.2,544.2,544.0,0.09,3.4,0.63,0.5,1.8,1.1,UP,0.6667,-0.02,11
2026-03-25 11:59:40,NABIL,2026-03-25,544.0,547.0,542.9,545.3,96748,544.6,0.13,544.92,544.31,544.31,544.5,0.15,4.1,0.76,1.3,1.7,1.1,UP,0.8889,0.13,11
2026-03-25 12:07:00,NABIL,2026-03-25,544.0,544.4,541.2,543.3,166049,544.6,-0.24,544.56,544.31,544.22,545.3,-0.37,3.2,0.59,-0.7,0.4,2.1,DOWN,0.3333,-0.24,12
2026-03-25 12:15:15,NABIL,2026-03-25,544.0,546.4,542.8,544.6,195679,544.6,0.0,544.34,544.26,544.25,543.3,0.24,3.6,0.66,0.6,1.8,1.2,UP,0.6944,0.0,12
2026-03-25 12:18:39,NABIL,2026-03-25,544.0,544.9,541.6,542.6,132493,544.6,-0.37,544.06,544.31,544.12,544.6,-0.37,3.3,0.61,-1.4,0.9,1.0,DOWN,0.1389,-0.37,12
2026-03-25 12:24:50,NABIL,2026-03-25,544.0,544.6,543.3,544.1,67143,544.6,-0.09,543.98,544.26,544.12,542.6,0.28,1.3,0.24,0.1,0.5,0.7,UP,0.5556,-0.09,12
2026-03-25 12:46:45,NABIL,2026-03-25,544.0,545.0,542.5,544.3,175932,544.6,-0.06,543.78,544.35,544.13,544.1,0.04,2.5,0.46,0.3,0.7,1.5,UP,0.6111,-0.05,12
2026-03-25 12:53:27,NABIL,2026-03-25,544.0,544.5,542.4,542.6,107667,544.6,-0.37,543.64,544.1,544.04,544.3,-0.31,2.1,0.39,-1.4,0.5,0.2,DOWN,0.1389,-0.36,12
2026-03-25 13:10:23,NABIL,2026-03-25,544.0,545.7,540.9,543.2,115035,544.6,-0.26,543.36,543.85,543.99,542.6,0.11,4.8,0.89,-0.8,1.7,2.3,DOWN,0.3056,-0.25,13
2026-03-25 13:15:58,NABIL,2026-03-25,544.0,546.7,544.0,544.4,17608,544.6,-0.04,543.72,543.89,544.01,543.2,0.22,2.7,0.5,0.4,2.3,0.0,UP,0.6389,-0.03,13
2026-03-25 13:21:19,NABIL,2026-03-25,544.0,544.6,543.1,544.2,141766,544.6,-0.07,543.74,543.86,544.02,544.4,-0.04,1.5,0.28,0.2,0.4,0.9,UP,0.5833,-0.07,13
2026-03-25 13:25:43,NABIL,2026-03-25,544.0,544.2,541.3,543.2,181287,544.6,-0.26,543.52,543.65,543.98,544.2,-0.18,2.9,0.54,-0.8,0.2,1.9,DOWN,0.3056,-0.25,13
2026-03-25 13:28:18,NABIL,2026-03-25,544.0,547.1,542.7,544.3,110188,544.6,-0.06,543.86,543.75,544.03,543.2,0.2,4.4,0.81,0.3,2.8,1.3,UP,0.6111,-0.05,13
2026-03-25 13:32:42,NABIL,2026-03-25,544.0,545.1,541.3,542.6,16063,544.6,-0.37,543.74,543.55,543.9,544.3,-0.31,3.8,0.7,-1.4,1.1,1.3,DOWN,0.1389,-0.36,13
2026-03-25 13:36:16,NABIL,2026-03-25,544.0,545.5,541.8,543.3,136625,544.6,-0.24,543.52,543.62,543.96,542.6,0.13,3.7,0.68,-0.7,1.5,1.5,DOWN,0.3333,-0.23,13
2026-03-25 13:39:29,NABIL,2026-03-25,544.0,545.0,540.9,543.4,25021,544.6,-0.22,543.36,543.55,543.9,543.3,0.02,4.1,0.76,-0.6,1.0,2.5,DOWN,0.3611,-0.21,13
2026-03-25 13:52:42,NABIL,2026-03-25,544.0,545.2,540.7,543.1,52021,544.6,-0.28,543.34,543.43,543.89,543.4,-0.06,4.5,0.83,-0.9,1.2,2.4,DOWN,0.2778,-0.27,13
2026-03-25 13:56:57,NABIL,2026-03-25,544.0,546.7,543.9,544.0,46662,544.6,-0.11,543.28,543.57,543.83,543.1,0.17,2.8,0.51,0.0,2.7,0.1,UP,0.5278,-0.1,13
2026-03-25 14:08:37,NABIL,2026-03-25,544.0,545.5,542.0,544.3,108164,544.6,-0.06,543.62,543.68,543.77,544.0,0.06,3.5,0.65,0.3,1.2,2.0,UP,0.6111,-0.04,14
2026-03-25 14:18:49,NABIL,2026-03-25,544.0,546.1,541.3,543.8,125543,544.6,-0.15,543.72,543.62,543.76,544.3,-0.09,4.8,0.89,-0.2,2.1,2.5,DOWN,0.4722,-0.13,14
2026-03-25 14:27:16,NABIL,2026-03-25,544.0,546.0,542.0,544.4,80041,544.6,-0.04,543.92,543.64,543.75,543.8,0.11,4.0,0.74,0.4,1.6,2.0,UP,0.6389,-0.02,14
2026-03-25 14:37:02,NABIL,2026-03-25,544.0,545.0,542.0,544.5,168102,544.6,-0.02,544.2,543.77,543.71,544.4,0.02,3.0,0.55,0.5,0.5,2.0,UP,0.6667,0.0,14
2026-03-25 14:43:02,NABIL,2026-03-25,544.0,546.3,542.0,543.7,160600,544.6,-0.17,544.14,543.71,543.73,544.5,-0.15,4.3,0.79,-0.3,2.3,1.7,DOWN,0.4444,-0.15,14
2026-03-25 14:48:56,NABIL,2026-03-25,544.0,544.3,542.1,544.1,154608,544.6,-0.09,544.1,543.86,543.71,543.7,0.07,2.2,0.41,0.1,0.2,1.9,UP,0.5556,-0.08,14
2026-03-25 14:54:00,NABIL,2026-03-25,544.0,545.4,540.1,542.4,179555,544.6,-0.4,543.82,543.77,543.69,544.1,-0.31,5.3,0.98,-1.6,1.4,2.3,DOWN,0.0833,-0.39,14
2026-03-25 14:56:47,NABIL,2026-03-25,544.0,544.6,540.2,542.2,105650,544.6,-0.44,543.38,543.65,543.6,542.4,-0.04,4.4,0.81,-1.8,0.6,2.0,DOWN,0.0278,-0.43,14
2026-03-25 11:04:53,NEPSE,2026-03-25,2100.0,2103.0,2099.6,2101.6,77011,2098.0,0.17,2101.6,2101.6,2101.6,2098.0,0.17,3.4,0.16,1.6,1.4,0.4,UP,0.9211,0.17,11
2026-03-25 11:13:11,NEPSE,2026-03-25,2100.0,2101.3,2098.9,2100.9,197755,2098.0,0.14,2101.25,2101.25,2101.25,2101.6,-0.03,2.4,0.11,0.9,0.4,1.1,UP,0.7368,0.14,11
2026-03-25 11:18:23,NEPSE,2026-03-25,2100.0,2104.1,2099.1,2101.9,170160,2098.0,0.19,2101.47,2101.47,2101.47,2100.9,0.05,5.0,0.24,1.9,2.2,0.9,UP,1.0,0.19,11
2026-03-25 11:22:17,NEPSE,2026-03-25,2100.0,2101.6,2099.5,2101.1,12808,2098.0,0.15,2101.38,2101.38,2101.38,2101.9,-0.04,2.1,0.1,1.1,0.5,0.5,UP,0.7895,0.15,11
2026-03-25 11:25:23,NEPSE,2026-03-25,2100.0,2101.2,2097.2,2099.0,188882,2098.0,0.05,2100.9,2100.9,2100.9,2101.1,-0.1,4.0,0.19,-1.0,1.2,1.8,DOWN,0.2368,0.05,11
2026-03-25 11:28:25,NEPSE,2026-03-25,2100.0,2101.4,2098.2,2100.2,29570,2098.0,0.1,2100.62,2100.78,2100.78,2099.0,0.06,3.2,0.15,0.2,1.2,1.8,UP,0.5526,0.11,11
2026-03-25 11:32:05,NEPSE,2026-03-25,2100.0,2104.1,2099.1,2101.9,142154,2098.0,0.19,2100.82,2100.94,2100.94,2100.2,0.08,5.0,0.24,1.9,2.2,0.9,UP,1.0,0.19,11
2026-03-25 11:36:12,NEPSE,2026-03-25,2100.0,2101.3,2099.2,2099.9,95654,2098.0,0.09,2100.42,2100.81,2100.81,2101.9,-0.1,2.1,0.1,-0.1,1.3,0.7,DOWN,0.4737,0.09,11
2026-03-25 11:40:14,NEPSE,2026-03-25,2100.0,2100.5,2096.1,2098.8,34115,2098.0,0.04,2099.96,2100.59,2100.59,2099.9,-0.05,4.4,0.21,-1.2,0.5,2.7,DOWN,0.1842,0.04,11
2026-03-25 11:43:29,NEPSE,2026-03-25,2100.0,2101.4,2098.1,2100.1,74576,2098.0,0.1,2100.18,2100.54,2100.54,2098.8,0.06,3.3,0.16,0.1,1.3,1.9,UP,0.5263,0.1,11
2026-03-25 11:53:23,NEPSE,2026-03-25,2100.0,2102.1,2098.3,2100.8,24253,2098.0,0.13,2100.3,2100.46,2100.56,2100.1,0.03,3.8,0.18,0.8,1.3,1.7,UP,0.7105,0.13,11
2026-03-25 11:55:58,NEPSE,2026-03-25,2100.0,2101.4,2096.6,2099.2,163814,2098.0,0.06,2099.76,2100.29,2100.45,2100.8,-0.08,4.8,0.23,-0.8,1.4,2.6,DOWN,0.2895,0.05,11
2026-03-25 11:59:40,NEPSE,2026-03-25,2100.0,2100.2,2095.8,2098.3,184707,2098.0,0.01,2099.44,2099.93,2100.28,2099.2,-0.04,4.4,0.21,-1.7,0.2,2.5,DOWN,0.0526,0.01,11
2026-03-25 12:02:47,NEPSE,2026-03-25,2100.0,2102.4,2099.5,2099.8,63400,2098.0,0.09,2099.64,2099.8,2100.25,2098.3,0.07,2.9,0.14,-0.2,2.4,0.3,DOWN,0.4474,0.08,12
2026-03-25 12:07:00,NEPSE,2026-03-25,2100.0,2101.6,2098.5,2100.5,103993,2098.0,0.12,2099.72,2099.95,2100.27,2099.8,0.03,3.1,0.15,0.5,1.1,1.5,UP,0.6316,0.11,12
2026-03-25 12:12:49,NEPSE,2026-03-25,2100.0,2100.9,2097.3,2099.1,160864,2098.0,0.05,2099.38,2099.84,2100.19,2100.5,-0.07,3.6,0.17,-0.9,0.9,1.8,DOWN,0.2632,0.04,12
2026-03-25 12:15:15,NEPSE,2026-03-25,2100.0,2102.0,2098.9,2100.6,98465,2098.0,0.12,2099.66,2099.71,2100.22,2099.1,0.07,3.1,0.15,0.6,1.4,1.1,UP,0.6579,0.11,12
2026-03-25 12:18:39,NEPSE,2026-03-25,2100.0,2101.1,2098.7,2100.5,52349,2098.0,0.12,2100.1,2099.77,2100.23,2100.6,-0.0,2.4,0.11,0.5,0.6,1.3,UP,0.6316,0.11,12
2026-03-25 12:21:46,NEPSE,2026-03-25,2100.0,2101.2,2099.4,2101.0,82534,2098.0,0.14,2100.34,2099.99,2100.27,2100.5,0.02,1.8,0.09,1.0,0.2,0.6,UP,0.7632,0.13,12
2026-03-25 12:24:50,NEPSE,2026-03-25,2100.0,2104.1,2099.5,2101.7,66372,2098.0,0.18,2100.58,2100.15,2100.35,2101.0,0.03,4.6,0.22,1.7,2.4,0.5,UP,0.9474,0.16,12
2026-03-25 12:28:20,NEPSE,2026-03-25,2100.0,2100.9,2097.2,2099.8,35179,2098.0,0.09,2100.72,2100.05,2100.26,2101.7,-0.09,3.7,0.18,-0.2,0.9,2.6,DOWN,0.4474,0.07,12
2026-03-25 12:36:50,NEPSE,2026-03-25,2100.0,2102.5,2099.8,2101.4,44716,2098.0,0.16,2100.88,2100.27,2100.28,2099.8,0.08,2.7,0.13,1.4,1.1,0.2,UP,0.8684,0.15,12
2026-03-25 12:40:36,NEPSE,2026-03-25,2100.0,2102.3,2097.9,2100.0,184768,2098.0,0.1,2100.78,2100.44,2100.18,2101.4,-0.07,4.4,0.21,0.0,2.3,2.1,UP,0.5,0.08,12
2026-03-25 12:53:27,NEPSE,2026-03-25,2100.0,2101.1,2098.8,2099.1,186303,2098.0,0.05,2100.4,2100.37,2100.08,2100.0,-0.04,2.3,0.11,-0.9,1.1,0.3,DOWN,0.2632,0.04,12
2026-03-25 12:58:25,NEPSE,2026-03-25,2100.0,2100.5,2095.8,2098.8,30105,2098.0,0.04,2099.82,2100.2,2100.07,2099.1,-0.01,4.7,0.22,-1.2,0.5,3.0,DOWN,0.1842,0.03,12
2026-03-25 13:02:37,NEPSE,2026-03-25,2100.0,2101.9,2099.7,2100.7,164377,2098.0,0.13,2100.0,2100.36,2100.1,2098.8,0.09,2.2,0.1,0.7,1.2,0.3,UP,0.6842,0.12,13
2026-03-25 13:10:23,NEPSE,2026-03-25,2100.0,2102.5,2098.5,2100.1,170276,2098.0,0.1,2099.74,2100.31,2100.01,2100.7,-0.03,4.0,0.19,0.1,2.4,1.5,UP,0.5263,0.09,13
2026-03-25 13:15:58,NEPSE,2026-03-25,2100.0,2101.3,2099.8,2100.8,146515,2098.0,0.13,2099.9,2100.34,2100.05,2100.1,0.03,1.5,0.07,0.8,0.5,0.2,UP,0.7105,0.12,13
2026-03-25 13:25:43,NEPSE,2026-03-25,2100.0,2101.5,2097.0,2099.6,119059,2098.0,0.08,2100.0,2100.2,2100.09,2100.8,-0.06,4.5,0.21,-0.4,1.5,2.6,DOWN,0.3947,0.06,13
2026-03-25 13:28:18,NEPSE,2026-03-25,2100.0,2101.2,2097.5,2099.2,53239,2098.0,0.06,2100.08,2099.95,2100.05,2099.6,-0.02,3.7,0.18,-0.8,1.2,1.7,DOWN,0.2895,0.04,13
2026-03-25 13:32:42,NEPSE,2026-03-25,2100.0,2103.8,2098.6,2101.0,19656,2098.0,0.14,2100.14,2100.07,2100.06,2099.2,0.09,5.2,0.25,1.0,2.8,1.4,UP,0.7632,0.13,13
2026-03-25 13:36:16,NEPSE,2026-03-25,2100.0,2102.4,2098.5,2100.3,115416,2098.0,0.11,2100.18,2099.96,2100.11,2101.0,-0.03,3.9,0.19,0.3,2.1,1.5,UP,0.5789,0.1,13
2026-03-25 13:39:29,NEPSE,2026-03-25,2100.0,2101.0,2097.5,2098.5,134689,2098.0,0.02,2099.72,2099.81,2100.12,2100.3,-0.09,3.5,0.17,-1.5,1.0,1.0,DOWN,0.1053,0.01,13
2026-03-25 13:43:41,NEPSE,2026-03-25,2100.0,2102.6,2097.2,2100.0,22771,2098.0,0.1,2099.8,2099.9,2100.13,2098.5,0.07,5.4,0.26,0.0,2.6,2.8,UP,0.5,0.08,13
2026-03-25 13:47:18,NEPSE,2026-03-25,2100.0,2101.5,2097.5,2098.8,148226,2098.0,0.04,2099.72,2099.9,2100.05,2100.0,-0.06,4.0,0.19,-1.2,1.5,1.3,DOWN,0.1842,0.02,13
2026-03-25 13:56:57,NEPSE,2026-03-25,2100.0,2100.9,2098.5,2098.9,171505,2098.0,0.04,2099.3,2099.72,2100.04,2098.8,0.0,2.4,0.11,-1.1,0.9,0.4,DOWN,0.2105,0.02,13
2026-03-25 14:01:27,NEPSE,2026-03-25,2100.0,2102.4,2098.4,2099.5,152525,2098.0,0.07,2099.14,2099.66,2099.98,2098.9,0.03,4.0,0.19,-0.5,2.4,1.1,DOWN,0.3684,0.05,14
2026-03-25 14:05:01,NEPSE,2026-03-25,2100.0,2100.6,2095.6,2098.2,157838,2098.0,0.01,2099.08,2099.4,2099.87,2099.5,-0.06,5.0,0.24,-1.8,0.6,2.6,DOWN,0.0263,-0.01,14
2026-03-25 14:11:50,NEPSE,2026-03-25,2100.0,2101.5,2097.2,2099.6,174306,2098.0,0.08,2099.0,2099.4,2099.8,2098.2,0.07,4.3,0.21,-0.4,1.5,2.4,DOWN,0.3947,0.06,14
2026-03-25 14:15:18,NEPSE,2026-03-25,2100.0,2100.7,2100.0,2100.5,98585,2098.0,0.12,2099.34,2099.53,2099.74,2099.6,0.04,0.7,0.03,0.5,0.2,0.0,UP,0.6316,0.1,14
2026-03-25 14:18:49,NEPSE,2026-03-25,2100.0,2100.9,2099.0,2099.0,28040,2098.0,0.05,2099.36,2099.33,2099.7,2100.5,-0.07,1.9,0.09,-1.0,0.9,0.0,DOWN,0.2368,0.03,14
2026-03-25 14:23:02,NEPSE,2026-03-25,2100.0,2100.0,2095.5,2098.1,58484,2098.0,0.0,2099.08,2099.11,2099.54,2099.0,-0.04,4.5,0.21,-1.9,0.0,2.6,DOWN,0.0,-0.01,14
2026-03-25 14:27:16,NEPSE,2026-03-25,2100.0,2100.2,2095.7,2098.3,26514,2098.0,0.01,2099.1,2099.09,2099.45,2098.1,0.01,4.5,0.21,-1.7,0.2,2.6,DOWN,0.0526,0.0,14
2026-03-25 14:32:57,NEPSE,2026-03-25,2100.0,2102.3,2098.1,2100.1,24951,2098.0,0.1,2099.2,2099.1,2099.5,2098.3,0.09,4.2,0.2,0.1,2.2,1.9,UP,0.5263,0.09,14
2026-03-25 14:37:02,NEPSE,2026-03-25,2100.0,2101.4,2098.2,2099.3,109968,2098.0,0.06,2098.96,2099.15,2099.52,2100.1,-0.04,3.2,0.15,-0.7,1.4,1.1,DOWN,0.3158,0.05,14
2026-03-25 14:43:02,NEPSE,2026-03-25,2100.0,2100.5,2095.8,2098.6,133424,2098.0,0.03,2098.88,2099.12,2099.42,2099.3,-0.03,4.7,0.22,-1.4,0.5,2.8,DOWN,0.1316,0.02,14
2026-03-25 14:45:39,NEPSE,2026-03-25,2100.0,2101.5,2098.8,2099.4,55024,2098.0,0.07,2099.14,2099.11,2099.38,2098.6,0.04,2.7,0.13,-0.6,1.5,0.6,DOWN,0.3421,0.06,14
2026-03-25 14:48:56,NEPSE,2026-03-25,2100.0,2102.6,2099.8,2100.6,128503,2098.0,0.12,2099.6,2099.35,2099.38,2099.4,0.06,2.8,0.13,0.6,2.0,0.2,UP,0.6579,0.12,14
2026-03-25 11:04:53,NICA,2026-03-25,387.0,388.1,386.4,387.4,35036,394.0,-1.68,387.4,387.4,387.4,394.0,-1.68,1.7,0.44,0.4,0.7,0.6,UP,0.7059,-1.68,11
2026-03-25 11:09:29,NICA,2026-03-25,387.0,389.0,385.1,386.3,34825,394.0,-1.95,386.85,386.85,386.85,387.4,-0.28,3.9,1.01,-0.7,2.0,1.2,DOWN,0.3824,-1.96,11
2026-03-25 11:13:11,NICA,2026-03-25,387.0,388.5,385.2,387.2,186200,394.0,-1.73,386.97,386.97,386.97,386.3,0.23,3.3,0.86,0.2,1.3,1.8,UP,0.6471,-1.73,11
2026-03-25 11:18:23,NICA,2026-03-25,387.0,390.0,386.2,387.1,7901,394.0,-1.75,387.0,387.0,387.0,387.2,-0.03,3.8,0.98,0.1,2.9,0.8,UP,0.6176,-1.76,11
2026-03-25 11:22:17,NICA,2026-03-25,387.0,389.6,385.3,386.9,168157,394.0,-1.8,386.98,386.98,386.98,387.1,-0.05,4.3,1.12,-0.1,2.6,1.6,DOWN,0.5588,-1.81,11
2026-03-25 11:25:23,NICA,2026-03-25,387.0,388.7,385.1,385.9,113530,394.0,-2.06,386.68,386.8,386.8,386.9,-0.26,3.6,0.93,-1.1,1.7,0.8,DOWN,0.2647,-2.07,11
2026-03-25 11:28:25,NICA,2026-03-25,387.0,389.5,386.4,388.2,173428,394.0,-1.47,387.06,387.0,387.0,385.9,0.6,3.1,0.8,1.2,1.3,0.6,UP,0.9412,-1.47,11
2026-03-25 11:40:14,NICA,2026-03-25,387.0,388.2,384.1,385.2,23678,394.0,-2.23,386.66,386.78,386.78,388.2,-0.77,4.1,1.07,-1.8,1.2,1.1,DOWN,0.0588,-2.24,11
2026-03-25 11:43:29,NICA,2026-03-25,387.0,390.1,386.0,388.0,199008,394.0,-1.52,386.84,386.91,386.91,385.2,0.73,4.1,1.06,1.0,2.1,1.0,UP,0.8824,-1.51,11
2026-03-25 11:53:23,NICA,2026-03-25,387.0,389.3,385.6,388.4,113905,394.0,-1.42,387.14,387.06,387.06,388.0,0.1,3.7,0.96,1.4,0.9,1.4,UP,1.0,-1.41,11
2026-03-25 11:55:58,NICA,2026-03-25,387.0,390.0,384.7,387.1,129235,394.0,-1.75,387.38,387.03,387.06,388.4,-0.33,5.3,1.38,0.1,2.9,2.3,UP,0.6176,-1.74,11
2026-03-25 12:02:47,NICA,2026-03-25,387.0,387.0,385.1,385.5,161616,394.0,-2.16,386.84,386.95,386.93,387.1,-0.41,1.9,0.49,-1.5,0.0,0.4,DOWN,0.1471,-2.15,12
2026-03-25 12:12:49,NICA,2026-03-25,387.0,388.6,385.3,386.5,57676,394.0,-1.9,387.1,386.88,386.9,385.5,0.26,3.3,0.86,-0.5,1.6,1.2,DOWN,0.4412,-1.89,12
2026-03-25 12:18:39,NICA,2026-03-25,387.0,388.7,385.5,386.8,176741,394.0,-1.83,386.86,386.85,386.89,386.5,0.08,3.2,0.83,-0.2,1.7,1.3,DOWN,0.5294,-1.81,12
2026-03-25 12:21:46,NICA,2026-03-25,387.0,389.3,385.1,386.3,85982,394.0,-1.95,386.44,386.79,386.85,386.8,-0.13,4.2,1.09,-0.7,2.3,1.2,DOWN,0.3824,-1.94,12
2026-03-25 12:24:50,NICA,2026-03-25,387.0,389.7,384.8,387.8,182139,394.0,-1.57,386.58,386.98,386.91,386.3,0.39,4.9,1.27,0.8,1.9,2.2,UP,0.8235,-1.55,12
2026-03-25 12:32:54,NICA,2026-03-25,387.0,389.3,386.5,388.2,145754,394.0,-1.47,387.12,386.98,386.99,387.8,0.1,2.8,0.72,1.2,1.1,0.5,UP,0.9412,-1.45,12
2026-03-25 12:40:36,NICA,2026-03-25,387.0,387.5,386.0,387.2,54834,394.0,-1.73,387.26,387.18,387.0,388.2,-0.26,1.5,0.39,0.2,0.3,1.0,UP,0.6471,-1.71,12
2026-03-25 12:46:45,NICA,2026-03-25,387.0,389.4,386.5,386.6,54565,394.0,-1.88,387.22,387.04,386.98,387.2,-0.15,2.9,0.75,-0.4,2.4,0.1,DOWN,0.4706,-1.86,12
2026-03-25 12:49:57,NICA,2026-03-25,387.0,389.2,384.5,386.8,11251,394.0,-1.83,387.32,386.88,386.97,386.6,0.05,4.7,1.22,-0.2,2.2,2.3,DOWN,0.5294,-1.81,12
2026-03-25 12:53:27,NICA,2026-03-25,387.0,388.7,386.4,386.8,99540,394.0,-1.83,387.12,386.85,386.94,386.8,0.0,2.3,0.6,-0.2,1.7,0.4,DOWN,0.5294,-1.81,12
2026-03-25 13:07:20,NICA,2026-03-25,387.0,388.6,383.4,386.3,106445,394.0,-1.95,386.74,386.93,386.94,386.8,-0.13,5.2,1.36,-0.7,1.6,2.9,DOWN,0.3824,-1.94,13
2026-03-25 13:10:23,NICA,2026-03-25,387.0,387.4,384.8,385.0,20840,394.0,-2.28,386.3,386.78,386.83,386.3,-0.34,2.6,0.68,-2.0,0.4,0.2,DOWN,0.0,-2.28,13
2026-03-25 13:21:19,NICA,2026-03-25,387.0,388.2,383.7,385.7,168527,394.0,-2.11,386.12,386.67,386.76,385.0,0.18,4.5,1.17,-1.3,1.2,2.0,DOWN,0.2059,-2.1,13
2026-03-25 13:25:43,NICA,2026-03-25,387.0,387.6,385.2,385.4,48288,394.0,-2.18,385.84,386.58,386.69,385.7,-0.08,2.4,0.62,-1.6,0.6,0.2,DOWN,0.1176,-2.18,13
2026-03-25 13:28:18,NICA,2026-03-25,387.0,388.7,385.4,388.1,33463,394.0,-1.5,386.1,386.61,386.79,385.4,0.7,3.3,0.86,1.1,0.6,1.6,UP,0.9118,-1.48,13
2026-03-25 13:36:16,NICA,2026-03-25,387.0,389.8,386.0,387.1,197943,394.0,-1.75,386.26,386.5,386.74,388.1,-0.26,3.8,0.98,0.1,2.7,1.0,UP,0.6176,-1.74,13
2026-03-25 13:39:29,NICA,2026-03-25,387.0,389.9,387.0,387.5,133666,394.0,-1.65,386.76,386.53,386.86,387.1,0.1,2.9,0.75,0.5,2.4,0.0,UP,0.7353,-1.64,13
2026-03-25 14:08:37,NICA,2026-03-25,387.0,387.7,384.8,386.7,185065,394.0,-1.85,386.96,386.54,386.79,387.5,-0.21,2.9,0.75,-0.3,0.7,1.9,DOWN,0.5,-1.85,14
2026-03-25 14:23:02,NICA,2026-03-25,387.0,389.9,386.4,388.4,12675,394.0,-1.42,387.56,386.7,386.79,386.7,0.44,3.5,0.91,1.4,1.5,0.6,UP,1.0,-1.41,14
2026-03-25 14:27:16,NICA,2026-03-25,387.0,390.6,386.4,387.6,93690,394.0,-1.62,387.46,386.78,386.82,388.4,-0.21,4.2,1.09,0.6,3.0,0.6,UP,0.7647,-1.62,14
2026-03-25 14:37:02,NICA,2026-03-25,387.0,387.2,385.9,386.4,20947,394.0,-1.93,387.32,386.79,386.86,387.6,-0.31,1.3,0.34,-0.6,0.2,0.5,DOWN,0.4118,-1.93,14
2026-03-25 14:43:02,NICA,2026-03-25,387.0,387.3,386.3,386.6,51581,394.0,-1.88,387.14,386.95,386.86,386.4,0.05,1.0,0.26,-0.4,0.3,0.3,DOWN,0.4706,-1.88,14
2026-03-25 14:45:39,NICA,2026-03-25,387.0,388.5,385.1,386.3,41959,394.0,-1.95,387.06,387.01,386.84,386.6,-0.08,3.4,0.88,-0.7,1.5,1.2,DOWN,0.3824,-1.96,14
2026-03-25 14:54:00,NICA,2026-03-25,387.0,387.8,385.7,386.2,149453,394.0,-1.98,386.62,387.09,386.84,386.3,-0.03,2.1,0.54,-0.8,0.8,0.5,DOWN,0.3529,-1.99,14
2026-03-25 14:56:47,NICA,2026-03-25,387.0,388.7,385.0,387.6,121679,394.0,-1.62,386.62,387.04,386.82,386.2,0.36,3.7,0.96,0.6,1.1,2.0,UP,0.7647,-1.63,14
2026-03-25 11:00:02,NTC,2026-03-25,932.0,932.0,930.8,931.2,113482,914.0,1.88,931.2,931.2,931.2,914.0,1.88,1.2,0.13,-0.8,0.0,0.4,DOWN,0.3158,1.88,11
2026-03-25 11:04:53,NTC,2026-03-25,932.0,933.2,929.7,930.6,66108,914.0,1.82,930.9,930.9,930.9,931.2,-0.06,3.5,0.38,-1.4,1.2,0.9,DOWN,0.1579,1.82,11
2026-03-25 11:09:29,NTC,2026-03-25,932.0,933.5,929.7,931.9,9465,914.0,1.96,931.23,931.23,931.23,930.6,0.14,3.8,0.41,-0.1,1.5,2.2,DOWN,0.5,1.96,11
2026-03-25 11:22:17,NTC,2026-03-25,932.0,933.7,930.2,932.4,82393,914.0,2.01,931.52,931.52,931.52,931.9,0.05,3.5,0.38,0.4,1.3,1.8,UP,0.6316,2.01,11
2026-03-25 11:25:23,NTC,2026-03-25,932.0,932.8,929.3,931.6,187190,914.0,1.93,931.54,931.54,931.54,932.4,-0.09,3.5,0.38,-0.4,0.8,2.3,DOWN,0.4211,1.92,11
2026-03-25 11:28:25,NTC,2026-03-25,932.0,933.8,928.6,931.2,80181,914.0,1.88,931.54,931.48,931.48,931.6,-0.04,5.2,0.56,-0.8,1.8,2.6,DOWN,0.3158,1.88,11
2026-03-25 11:32:05,NTC,2026-03-25,932.0,933.1,932.0,932.9,127818,914.0,2.07,932.0,931.69,931.69,931.2,0.18,1.1,0.12,0.9,0.2,0.0,UP,0.7632,2.06,11
2026-03-25 11:40:14,NTC,2026-03-25,932.0,932.6,930.9,932.1,82007,914.0,1.98,932.04,931.74,931.74,932.9,-0.09,1.7,0.18,0.1,0.5,1.1,UP,0.5526,1.97,11
2026-03-25 11:53:23,NTC,2026-03-25,932.0,934.2,931.0,931.9,127777,914.0,1.96,931.94,931.76,931.76,932.1,-0.02,3.2,0.34,-0.1,2.2,0.9,DOWN,0.5,1.95,11
2026-03-25 11:59:40,NTC,2026-03-25,932.0,932.3,927.7,930.6,23067,914.0,1.82,931.74,931.64,931.64,931.9,-0.14,4.6,0.5,-1.4,0.3,2.9,DOWN,0.1579,1.81,11
2026-03-25 12:02:47,NTC,2026-03-25,932.0,933.1,931.4,931.9,5755,914.0,1.96,931.88,931.71,931.66,930.6,0.14,1.7,0.18,-0.1,1.1,0.5,DOWN,0.5,1.95,12
2026-03-25 12:07:00,NTC,2026-03-25,932.0,932.4,928.2,930.0,152599,914.0,1.75,931.3,931.65,931.52,931.9,-0.2,4.2,0.45,-2.0,0.4,1.8,DOWN,0.0,1.75,12
2026-03-25 12:12:49,NTC,2026-03-25,932.0,933.0,930.3,930.7,73388,914.0,1.83,931.02,931.53,931.46,930.0,0.08,2.7,0.29,-1.3,1.0,0.4,DOWN,0.1842,1.83,12
2026-03-25 12:15:15,NTC,2026-03-25,932.0,934.4,929.0,931.9,128355,914.0,1.96,931.02,931.48,931.49,930.7,0.13,5.4,0.58,-0.1,2.4,2.9,DOWN,0.5,1.96,12
2026-03-25 12:18:39,NTC,2026-03-25,932.0,934.4,930.1,932.8,192560,914.0,2.06,931.46,931.6,931.58,931.9,0.1,4.3,0.46,0.8,1.6,1.9,UP,0.7368,2.06,12
2026-03-25 12:24:50,NTC,2026-03-25,932.0,934.1,931.2,933.6,34021,914.0,2.14,931.8,931.84,931.71,932.8,0.09,2.9,0.31,1.6,0.5,0.8,UP,0.9474,2.15,12
2026-03-25 12:28:20,NTC,2026-03-25,932.0,932.8,931.3,931.6,190992,914.0,1.93,932.12,931.71,931.7,933.6,-0.21,1.5,0.16,-0.4,0.8,0.3,DOWN,0.4211,1.94,12
2026-03-25 12:36:50,NTC,2026-03-25,932.0,934.6,929.0,931.9,188904,914.0,1.96,932.36,931.69,931.71,931.6,0.03,5.6,0.6,-0.1,2.6,2.9,DOWN,0.5,1.97,12
2026-03-25 12:46:45,NTC,2026-03-25,932.0,935.4,930.8,933.7,91825,914.0,2.16,932.72,931.87,931.82,931.9,0.19,4.6,0.49,1.7,1.7,1.2,UP,0.9737,2.16,12
2026-03-25 12:49:57,NTC,2026-03-25,932.0,933.1,930.3,932.3,120512,914.0,2.0,932.62,932.04,931.84,933.7,-0.15,2.8,0.3,0.3,0.8,1.7,UP,0.6053,2.01,12
2026-03-25 12:53:27,NTC,2026-03-25,932.0,935.3,930.6,932.8,176486,914.0,2.06,932.46,932.13,931.92,932.3,0.05,4.7,0.51,0.8,2.5,1.4,UP,0.7368,2.06,12
2026-03-25 12:58:25,NTC,2026-03-25,932.0,933.0,929.4,932.4,88917,914.0,2.01,932.62,932.37,932.01,932.8,-0.04,3.6,0.39,0.4,0.6,2.6,UP,0.6316,2.02,12
2026-03-25 13:02:37,NTC,2026-03-25,932.0,933.7,931.0,931.6,141431,914.0,1.93,932.56,932.46,931.99,932.4,-0.09,2.7,0.29,-0.4,1.7,0.6,DOWN,0.4211,1.93,13
2026-03-25 13:07:20,NTC,2026-03-25,932.0,932.6,931.5,931.7,50862,914.0,1.94,932.16,932.44,931.96,931.6,0.01,1.1,0.12,-0.3,0.6,0.2,DOWN,0.4474,1.94,13
2026-03-25 13:15:58,NTC,2026-03-25,932.0,934.3,931.2,932.4,173912,914.0,2.01,932.18,932.4,932.0,931.7,0.08,3.1,0.33,0.4,1.9,0.8,UP,0.6316,2.02,13
2026-03-25 13:21:19,NTC,2026-03-25,932.0,932.6,929.1,931.0,60537,914.0,1.86,931.82,932.14,931.99,932.4,-0.15,3.5,0.38,-1.0,0.6,1.9,DOWN,0.2632,1.87,13
2026-03-25 13:25:43,NTC,2026-03-25,932.0,932.0,930.4,931.0,9272,914.0,1.86,931.54,932.08,931.9,931.0,0.0,1.6,0.17,-1.0,0.0,0.6,DOWN,0.2632,1.87,13
2026-03-25 13:32:42,NTC,2026-03-25,932.0,933.1,928.9,931.7,161265,914.0,1.94,931.56,932.06,931.88,931.0,0.08,4.2,0.45,-0.3,1.1,2.8,DOWN,0.4474,1.95,13
2026-03-25 13:36:16,NTC,2026-03-25,932.0,935.9,931.0,933.8,127293,914.0,2.17,931.98,932.07,931.97,931.7,0.23,4.9,0.53,1.8,2.1,1.0,UP,1.0,2.18,13
2026-03-25 13:39:29,NTC,2026-03-25,932.0,934.2,931.2,933.7,141942,914.0,2.16,932.24,932.21,932.12,933.8,-0.01,3.0,0.32,1.7,0.5,0.8,UP,0.9737,2.17,13
2026-03-25 14:01:27,NTC,2026-03-25,932.0,932.7,930.0,930.8,196367,914.0,1.84,932.2,932.01,932.07,933.7,-0.31,2.7,0.29,-1.2,0.7,0.8,DOWN,0.2105,1.86,14
2026-03-25 14:05:01,NTC,2026-03-25,932.0,934.0,930.7,932.6,82973,914.0,2.04,932.52,932.03,932.2,930.8,0.19,3.3,0.35,0.6,1.4,1.3,UP,0.6842,2.05,14
2026-03-25 14:11:50,NTC,2026-03-25,932.0,933.2,929.0,931.7,50380,914.0,1.94,932.52,932.04,932.25,932.6,-0.1,4.2,0.45,-0.3,1.2,2.7,DOWN,0.4474,1.95,14
2026-03-25 14:15:18,NTC,2026-03-25,932.0,933.0,927.8,930.5,195474,914.0,1.81,931.86,931.92,932.18,931.7,-0.13,5.2,0.56,-1.5,1.0,2.7,DOWN,0.1316,1.82,14
2026-03-25 14:18:49,NTC,2026-03-25,932.0,933.7,930.5,933.2,31273,914.0,2.1,931.76,932.0,932.2,930.5,0.29,3.2,0.34,1.2,0.5,1.5,UP,0.8421,2.11,14
2026-03-25 14:43:02,NTC,2026-03-25,932.0,934.5,931.4,931.7,90823,914.0,1.94,931.94,932.07,932.11,933.2,-0.16,3.1,0.33,-0.3,2.5,0.3,DOWN,0.4474,1.95,14
2026-03-25 14:56:47,NTC,2026-03-25,932.0,933.9,930.5,933.1,70490,914.0,2.09,932.04,932.28,932.18,931.7,0.15,3.4,0.37,1.1,0.8,1.5,UP,0.8158,2.1,14
2026-03-25 11:00:02,SBL,2026-03-25,410.0,410.8,407.8,409.1,24011,405.0,1.01,409.1,409.1,409.1,405.0,1.01,3.0,0.74,-0.9,0.8,1.3,DOWN,0.2821,1.01,11
2026-03-25 11:04:53,SBL,2026-03-25,410.0,412.1,408.9,410.7,144179,405.0,1.41,409.9,409.9,409.9,409.1,0.39,3.2,0.78,0.7,1.4,1.1,UP,0.6923,1.4,11
2026-03-25 11:13:11,SBL,2026-03-25,410.0,410.6,406.9,408.9,67340,405.0,0.96,409.57,409.57,409.57,410.7,-0.44,3.7,0.91,-1.1,0.6,2.0,DOWN,0.2308,0.96,11
2026-03-25 11:22:17,SBL,2026-03-25,410.0,411.6,409.1,410.6,72043,405.0,1.38,409.82,409.82,409.82,408.9,0.42,2.5,0.61,0.6,1.0,0.9,UP,0.6667,1.38,11
2026-03-25 11:25:23,SBL,2026-03-25,410.0,414.0,409.4,411.3,158379,405.0,1.56,410.12,410.12,410.12,410.6,0.17,4.6,1.12,1.3,2.7,0.6,UP,0.8462,1.55,11
2026-03-25 11:28:25,SBL,2026-03-25,410.0,412.8,408.0,409.9,41330,405.0,1.21,410.28,410.08,410.08,411.3,-0.34,4.8,1.18,-0.1,2.8,1.9,DOWN,0.4872,1.21,11
2026-03-25 11:32:05,SBL,2026-03-25,410.0,411.0,408.1,410.1,54243,405.0,1.26,410.16,410.09,410.09,409.9,0.05,2.9,0.71,0.1,0.9,1.9,UP,0.5385,1.26,11
2026-03-25 11:40:14,SBL,2026-03-25,410.0,410.2,407.4,408.5,123889,405.0,0.86,410.08,409.89,409.89,410.1,-0.39,2.8,0.69,-1.5,0.2,1.1,DOWN,0.1282,0.87,11
2026-03-25 11:43:29,SBL,2026-03-25,410.0,412.5,407.8,410.6,134845,405.0,1.38,410.08,409.97,409.97,408.5,0.51,4.7,1.15,0.6,1.9,2.2,UP,0.6667,1.38,11
2026-03-25 11:53:23,SBL,2026-03-25,410.0,413.2,409.3,410.4,18110,405.0,1.33,409.9,410.01,410.01,410.6,-0.05,3.9,0.95,0.4,2.8,0.7,UP,0.6154,1.33,11
2026-03-25 11:55:58,SBL,2026-03-25,410.0,411.6,410.0,411.3,164862,405.0,1.56,410.18,410.23,410.13,410.4,0.22,1.6,0.39,1.3,0.3,0.0,UP,0.8462,1.55,11
2026-03-25 11:59:40,SBL,2026-03-25,410.0,410.9,407.7,410.3,85508,405.0,1.31,410.22,410.19,410.14,411.3,-0.24,3.2,0.78,0.3,0.6,2.3,UP,0.5897,1.31,11
2026-03-25 12:02:47,SBL,2026-03-25,410.0,413.2,408.9,410.9,5693,405.0,1.46,410.7,410.39,410.2,410.3,0.15,4.3,1.05,0.9,2.3,1.1,UP,0.7436,1.46,12
2026-03-25 12:07:00,SBL,2026-03-25,410.0,412.2,409.8,410.8,146435,405.0,1.43,410.74,410.41,410.24,410.9,-0.02,2.4,0.59,0.8,1.4,0.2,UP,0.7179,1.44,12
2026-03-25 12:12:49,SBL,2026-03-25,410.0,410.2,407.7,409.4,147148,405.0,1.09,410.54,410.22,410.19,410.8,-0.34,2.5,0.61,-0.6,0.2,1.7,DOWN,0.359,1.1,12
2026-03-25 12:18:39,SBL,2026-03-25,410.0,411.0,409.8,410.6,70574,405.0,1.38,410.4,410.29,410.21,409.4,0.29,1.2,0.29,0.6,0.4,0.2,UP,0.6667,1.39,12
2026-03-25 12:21:46,SBL,2026-03-25,410.0,410.1,405.7,408.1,143397,405.0,0.77,409.96,410.09,410.09,410.6,-0.61,4.4,1.08,-1.9,0.1,2.4,DOWN,0.0256,0.78,12
2026-03-25 12:24:50,SBL,2026-03-25,410.0,412.4,407.9,410.2,190918,405.0,1.28,409.82,410.26,410.09,408.1,0.51,4.5,1.1,0.2,2.2,2.1,UP,0.5641,1.29,12
2026-03-25 12:32:54,SBL,2026-03-25,410.0,412.0,409.0,409.5,120605,405.0,1.11,409.56,410.15,410.06,410.2,-0.17,3.0,0.73,-0.5,2.0,0.5,DOWN,0.3846,1.12,12
2026-03-25 12:36:50,SBL,2026-03-25,410.0,411.4,408.8,410.1,83188,405.0,1.26,409.7,410.12,410.06,409.5,0.15,2.6,0.64,0.1,1.3,1.2,UP,0.5385,1.27,12
2026-03-25 12:53:27,SBL,2026-03-25,410.0,410.3,407.8,408.9,18161,405.0,0.96,409.36,409.88,410.06,410.1,-0.29,2.5,0.61,-1.1,0.3,1.1,DOWN,0.2308,0.98,12
2026-03-25 12:58:25,SBL,2026-03-25,410.0,414.4,409.3,411.9,165943,405.0,1.7,410.12,410.04,410.11,408.9,0.73,5.1,1.25,1.9,2.5,0.7,UP,1.0,1.71,12
2026-03-25 13:10:23,SBL,2026-03-25,410.0,412.0,407.4,409.9,75835,405.0,1.21,410.06,409.94,410.16,411.9,-0.49,4.6,1.13,-0.1,2.0,2.5,DOWN,0.4872,1.22,13
2026-03-25 13:15:58,SBL,2026-03-25,410.0,413.9,408.9,411.8,118409,405.0,1.68,410.52,410.04,410.22,409.9,0.46,5.0,1.22,1.8,2.1,1.1,UP,0.9744,1.68,13
2026-03-25 13:21:19,SBL,2026-03-25,410.0,412.0,407.0,409.3,77802,405.0,1.06,410.36,410.03,410.12,411.8,-0.61,5.0,1.23,-0.7,2.0,2.3,DOWN,0.3333,1.07,13
2026-03-25 13:28:18,SBL,2026-03-25,410.0,414.6,409.2,411.7,34558,405.0,1.65,410.92,410.14,410.22,409.3,0.59,5.4,1.32,1.7,2.9,0.8,UP,0.9487,1.66,13
2026-03-25 13:32:42,SBL,2026-03-25,410.0,410.0,405.8,408.7,78942,405.0,0.91,410.28,410.2,410.14,411.7,-0.73,4.2,1.03,-1.3,0.0,2.9,DOWN,0.1795,0.93,13
2026-03-25 13:39:29,SBL,2026-03-25,410.0,413.5,409.8,411.2,161304,405.0,1.53,410.54,410.3,410.28,408.7,0.61,3.7,0.9,1.2,2.3,0.2,UP,0.8205,1.54,13
2026-03-25 13:47:18,SBL,2026-03-25,410.0,410.3,407.9,408.4,19029,405.0,0.84,409.86,410.19,410.17,411.2,-0.68,2.4,0.59,-1.6,0.3,0.5,DOWN,0.1026,0.86,13
2026-03-25 13:56:57,SBL,2026-03-25,410.0,410.6,406.3,408.2,82999,405.0,0.79,409.64,410.0,410.06,408.4,-0.05,4.3,1.06,-1.8,0.6,1.9,DOWN,0.0513,0.81,13
2026-03-25 14:05:01,SBL,2026-03-25,410.0,410.4,407.5,408.3,82104,405.0,0.81,408.96,409.94,409.91,408.2,0.02,2.9,0.71,-1.7,0.4,0.8,DOWN,0.0769,0.83,14
2026-03-25 14:11:50,SBL,2026-03-25,410.0,410.8,407.8,409.3,196794,405.0,1.06,409.08,409.68,409.86,408.3,0.24,3.0,0.74,-0.7,0.8,1.5,DOWN,0.3333,1.07,14
2026-03-25 14:18:49,SBL,2026-03-25,410.0,411.0,406.8,409.2,156267,405.0,1.04,408.68,409.61,409.78,409.3,-0.02,4.2,1.03,-0.8,1.0,2.4,DOWN,0.3077,1.05,14
2026-03-25 14:32:57,SBL,2026-03-25,410.0,411.0,407.9,408.0,117912,405.0,0.74,408.6,409.23,409.64,409.2,-0.29,3.1,0.76,-2.0,1.0,0.1,DOWN,0.0,0.76,14
2026-03-25 14:37:02,SBL,2026-03-25,410.0,411.4,408.2,411.2,133474,405.0,1.53,409.2,409.42,409.72,408.0,0.78,3.2,0.78,1.2,0.2,1.8,UP,0.8205,1.54,14
2026-03-25 14:43:02,SBL,2026-03-25,410.0,410.9,406.8,408.0,37582,405.0,0.74,409.14,409.05,409.6,411.2,-0.78,4.1,1.01,-2.0,0.9,1.2,DOWN,0.0,0.76,14
2026-03-25 14:45:39,SBL,2026-03-25,410.0,411.5,408.7,409.0,147103,405.0,0.99,409.08,409.08,409.64,408.0,0.25,2.8,0.69,-1.0,1.5,0.3,DOWN,0.2564,1.01,14
2026-03-25 14:48:56,SBL,2026-03-25,410.0,412.7,408.6,411.0,29671,405.0,1.48,409.44,409.06,409.68,409.0,0.49,4.1,1.0,1.0,1.7,1.4,UP,0.7692,1.5,14
2026-03-25 14:54:00,SBL,2026-03-25,410.0,413.1,409.4,410.2,147449,405.0,1.28,409.88,409.24,409.72,411.0,-0.19,3.7,0.9,0.2,2.9,0.6,UP,0.5641,1.31,14
2026-03-25 14:56:47,SBL,2026-03-25,410.0,412.2,409.2,411.0,11272,405.0,1.48,409.84,409.52,409.76,410.2,0.2,3.0,0.73,1.0,1.2,0.8,UP,0.7692,1.51,14
2026-03-25 11:00:02,SCB,2026-03-25,693.6,694.2,691.3,692.4,42550,680.0,1.82,692.4,692.4,692.4,680.0,1.82,2.9,0.42,-1.2,0.6,1.1,DOWN,0.1795,1.82,11
2026-03-25 11:04:53,SCB,2026-03-25,693.6,694.7,691.8,691.8,174780,680.0,1.74,692.1,692.1,692.1,692.4,-0.09,2.9,0.42,-1.8,1.1,0.0,DOWN,0.0256,1.73,11
2026-03-25 11:09:29,SCB,2026-03-25,693.6,696.1,692.9,694.4,128282,680.0,2.12,692.87,692.87,692.87,691.8,0.38,3.2,0.46,0.8,1.7,0.7,UP,0.6923,2.11,11
2026-03-25 11:13:11,SCB,2026-03-25,693.6,695.7,690.2,692.9,90303,680.0,1.9,692.88,692.88,692.88,694.4,-0.22,5.5,0.8,-0.7,2.1,2.7,DOWN,0.3077,1.89,11
2026-03-25 11:18:23,SCB,2026-03-25,693.6,694.4,693.4,694.0,144620,680.0,2.06,693.1,693.1,693.1,692.9,0.16,1.0,0.14,0.4,0.4,0.2,UP,0.5897,2.05,11
2026-03-25 11:25:23,SCB,2026-03-25,693.6,695.3,692.2,694.4,107676,680.0,2.12,693.5,693.32,693.32,694.0,0.06,3.1,0.45,0.8,0.9,1.4,UP,0.6923,2.11,11
2026-03-25 11:32:05,SCB,2026-03-25,693.6,695.1,693.1,693.9,176382,680.0,2.04,693.92,693.4,693.4,694.4,-0.07,2.0,0.29,0.3,1.2,0.5,UP,0.5641,2.04,11
2026-03-25 11:36:12,SCB,2026-03-25,693.6,695.2,691.9,693.2,195614,680.0,1.94,693.68,693.38,693.38,693.9,-0.1,3.3,0.48,-0.4,1.6,1.3,DOWN,0.3846,1.94,11
2026-03-25 11:43:29,SCB,2026-03-25,693.6,695.2,691.9,694.6,182429,680.0,2.15,694.02,693.51,693.51,693.2,0.2,3.3,0.48,1.0,0.6,1.7,UP,0.7436,2.14,11
2026-03-25 11:48:43,SCB,2026-03-25,693.6,694.5,691.1,693.1,148877,680.0,1.93,693.84,693.47,693.47,694.6,-0.22,3.4,0.49,-0.5,0.9,2.0,DOWN,0.359,1.92,11
2026-03-25 11:53:23,SCB,2026-03-25,693.6,695.3,691.9,692.3,108202,680.0,1.81,693.42,693.46,693.36,693.1,-0.12,3.4,0.49,-1.3,1.7,0.4,DOWN,0.1538,1.8,11
2026-03-25 11:59:40,SCB,2026-03-25,693.6,695.5,692.4,693.6,73409,680.0,2.0,693.36,693.64,693.38,692.3,0.19,3.1,0.45,0.0,1.9,1.2,UP,0.4872,1.99,11
2026-03-25 12:02:47,SCB,2026-03-25,693.6,695.8,690.0,693.0,108087,680.0,1.91,693.32,693.5,693.35,693.6,-0.09,5.8,0.84,-0.6,2.2,3.0,DOWN,0.3333,1.9,12
2026-03-25 12:15:15,SCB,2026-03-25,693.6,694.1,691.5,693.1,195199,680.0,1.93,693.02,693.52,693.34,693.0,0.01,2.6,0.38,-0.5,0.5,1.6,DOWN,0.359,1.91,12
2026-03-25 12:18:39,SCB,2026-03-25,693.6,695.0,692.2,693.4,79118,680.0,1.97,693.08,693.46,693.34,693.1,0.04,2.8,0.4,-0.2,1.4,1.2,DOWN,0.4359,1.95,12
2026-03-25 12:21:46,SCB,2026-03-25,693.6,694.2,691.1,692.8,98451,680.0,1.88,693.18,693.3,693.31,693.4,-0.09,3.1,0.45,-0.8,0.6,1.7,DOWN,0.2821,1.86,12
2026-03-25 12:28:20,SCB,2026-03-25,693.6,697.4,692.3,694.5,146523,680.0,2.13,693.36,693.36,693.38,692.8,0.25,5.1,0.74,0.9,2.9,1.3,UP,0.7179,2.11,12
2026-03-25 12:36:50,SCB,2026-03-25,693.6,695.0,690.1,692.3,58256,680.0,1.81,693.22,693.27,693.32,694.5,-0.32,4.9,0.71,-1.3,1.4,2.2,DOWN,0.1538,1.79,12
2026-03-25 12:40:36,SCB,2026-03-25,693.6,694.8,692.8,694.6,11071,680.0,2.15,693.52,693.27,693.38,692.3,0.33,2.0,0.29,1.0,0.2,0.8,UP,0.7436,2.12,12
2026-03-25 12:46:45,SCB,2026-03-25,693.6,695.9,691.3,693.4,184938,680.0,1.97,693.52,693.3,693.38,694.6,-0.17,4.6,0.67,-0.2,2.3,2.1,DOWN,0.4359,1.95,12
2026-03-25 12:53:27,SCB,2026-03-25,693.6,694.9,693.6,693.6,33255,680.0,2.0,693.68,693.43,693.44,693.4,0.03,1.3,0.19,0.0,1.3,0.0,UP,0.4872,1.98,12
2026-03-25 13:02:37,SCB,2026-03-25,693.6,693.8,691.1,693.1,142959,680.0,1.93,693.4,693.38,693.51,693.6,-0.07,2.7,0.39,-0.5,0.2,2.0,DOWN,0.359,1.91,13
2026-03-25 13:07:20,SCB,2026-03-25,693.6,696.5,692.6,695.0,38068,680.0,2.21,693.94,693.58,693.54,693.1,0.27,3.9,0.56,1.4,1.5,1.0,UP,0.8462,2.18,13
2026-03-25 13:10:23,SCB,2026-03-25,693.6,693.8,691.1,693.2,11396,680.0,1.94,693.66,693.59,693.56,695.0,-0.26,2.7,0.39,-0.4,0.2,2.1,DOWN,0.3846,1.92,13
2026-03-25 13:25:43,SCB,2026-03-25,693.6,693.9,689.9,692.3,111817,680.0,1.81,693.44,693.48,693.47,693.2,-0.13,4.0,0.58,-1.3,0.3,2.4,DOWN,0.1538,1.79,13
2026-03-25 13:28:18,SCB,2026-03-25,693.6,694.4,692.1,693.6,149240,680.0,2.0,693.44,693.56,693.43,692.3,0.19,2.3,0.33,0.0,0.8,1.5,UP,0.4872,1.98,13
2026-03-25 13:32:42,SCB,2026-03-25,693.6,694.2,690.9,691.7,73882,680.0,1.72,693.16,693.28,693.32,693.6,-0.27,3.3,0.48,-1.9,0.6,0.8,DOWN,0.0,1.71,13
2026-03-25 13:36:16,SCB,2026-03-25,693.6,698.3,693.2,695.6,81204,680.0,2.29,693.28,693.61,693.44,691.7,0.56,5.1,0.74,2.0,2.7,0.4,UP,1.0,2.27,13
2026-03-25 13:43:41,SCB,2026-03-25,693.6,694.7,690.5,692.0,90710,680.0,1.76,693.04,693.35,693.31,695.6,-0.52,4.2,0.61,-1.6,1.1,1.5,DOWN,0.0769,1.75,13
2026-03-25 13:47:18,SCB,2026-03-25,693.6,695.8,692.5,693.1,139158,680.0,1.93,693.2,693.32,693.31,692.0,0.16,3.3,0.48,-0.5,2.2,0.6,DOWN,0.359,1.91,13
2026-03-25 13:52:42,SCB,2026-03-25,693.6,695.3,690.8,692.4,28664,680.0,1.82,692.96,693.2,693.32,693.1,-0.1,4.5,0.65,-1.2,1.7,1.6,DOWN,0.1795,1.81,13
2026-03-25 14:01:27,SCB,2026-03-25,693.6,695.3,693.4,694.7,150759,680.0,2.16,693.56,693.36,693.37,692.4,0.33,1.9,0.27,1.1,0.6,0.2,UP,0.7692,2.14,14
2026-03-25 14:05:01,SCB,2026-03-25,693.6,695.2,692.8,692.9,142731,680.0,1.9,693.02,693.15,693.36,694.7,-0.26,2.4,0.35,-0.7,1.6,0.1,DOWN,0.3077,1.88,14
2026-03-25 14:08:37,SCB,2026-03-25,693.6,696.9,692.2,695.1,55065,680.0,2.22,693.64,693.34,693.46,692.9,0.32,4.7,0.68,1.5,1.8,1.4,UP,0.8718,2.2,14
2026-03-25 14:11:50,SCB,2026-03-25,693.6,695.7,692.5,693.2,158154,680.0,1.94,693.66,693.43,693.46,695.1,-0.27,3.2,0.46,-0.4,2.1,0.7,DOWN,0.3846,1.93,14
2026-03-25 14:23:02,SCB,2026-03-25,693.6,696.1,691.0,693.2,137839,680.0,1.94,693.82,693.39,693.48,693.2,0.0,5.1,0.74,-0.4,2.5,2.2,DOWN,0.3846,1.93,14
2026-03-25 14:27:16,SCB,2026-03-25,693.6,694.2,691.4,692.0,118356,680.0,1.76,693.28,693.42,693.35,693.2,-0.17,2.8,0.4,-1.6,0.6,0.6,DOWN,0.0769,1.76,14
2026-03-25 14:32:57,SCB,2026-03-25,693.6,697.5,692.6,695.1,73268,680.0,2.22,693.72,693.37,693.49,692.0,0.45,4.9,0.71,1.5,2.4,1.0,UP,0.8718,2.21,14
2026-03-25 14:45:39,SCB,2026-03-25,693.6,694.2,690.7,692.7,170238,680.0,1.87,693.24,693.44,693.4,695.1,-0.35,3.5,0.51,-0.9,0.6,2.0,DOWN,0.2564,1.86,14
2026-03-25 14:48:56,SCB,2026-03-25,693.6,694.8,689.0,691.9,43126,680.0,1.75,692.98,693.32,693.32,692.7,-0.12,5.8,0.84,-1.7,1.2,2.9,DOWN,0.0513,1.74,14
2026-03-25 14:54:00,SCB,2026-03-25,693.6,695.3,689.8,692.8,74386,680.0,1.88,692.9,693.36,693.28,691.9,0.13,5.5,0.8,-0.8,1.7,3.0,DOWN,0.2821,1.87,14
2026-03-25 14:56:47,SCB,2026-03-25,693.6,695.0,690.6,692.8,145707,680.0,1.88,693.06,693.17,693.27,692.8,0.0,4.4,0.64,-0.8,1.4,2.2,DOWN,0.2821,1.87,14
2026-03-25 11:00:02,UPPER,2026-03-25,450.0,452.8,448.0,450.4,168037,448.0,0.54,450.4,450.4,450.4,448.0,0.54,4.8,1.07,0.4,2.4,2.0,UP,0.6389,0.54,11
2026-03-25 11:04:53,UPPER,2026-03-25,450.0,451.1,449.0,450.8,55625,448.0,0.63,450.6,450.6,450.6,450.4,0.09,2.1,0.47,0.8,0.3,1.0,UP,0.75,0.63,11
2026-03-25 11:13:11,UPPER,2026-03-25,450.0,452.2,448.8,450.2,77485,448.0,0.49,450.47,450.47,450.47,450.8,-0.13,3.4,0.76,0.2,2.0,1.2,UP,0.5833,0.5,11
2026-03-25 11:18:23,UPPER,2026-03-25,450.0,452.0,449.6,450.4,94111,448.0,0.54,450.45,450.45,450.45,450.2,0.04,2.4,0.53,0.4,1.6,0.4,UP,0.6389,0.54,11
2026-03-25 11:22:17,UPPER,2026-03-25,450.0,450.1,445.4,448.2,118362,448.0,0.04,450.0,450.0,450.0,450.4,-0.49,4.7,1.06,-1.8,0.1,2.8,DOWN,0.0278,0.05,11
2026-03-25 11:32:05,UPPER,2026-03-25,450.0,452.5,448.0,450.1,17169,448.0,0.47,449.94,450.02,450.02,448.2,0.42,4.5,1.0,0.1,2.4,2.0,UP,0.5556,0.47,11
2026-03-25 11:36:12,UPPER,2026-03-25,450.0,450.1,449.0,449.2,145061,448.0,0.27,449.62,449.9,449.9,450.1,-0.2,1.1,0.24,-0.8,0.1,0.2,DOWN,0.3056,0.27,11
2026-03-25 11:40:14,UPPER,2026-03-25,450.0,452.3,449.3,451.1,41884,448.0,0.69,449.8,450.05,450.05,449.2,0.42,3.0,0.67,1.1,1.2,0.7,UP,0.8333,0.69,11
2026-03-25 11:43:29,UPPER,2026-03-25,450.0,452.7,448.5,451.0,45883,448.0,0.67,449.92,450.16,450.16,451.1,-0.02,4.2,0.94,1.0,1.7,1.5,UP,0.8056,0.67,11
2026-03-25 11:53:23,UPPER,2026-03-25,450.0,453.8,449.7,451.1,45868,448.0,0.69,450.5,450.25,450.25,451.0,0.02,4.1,0.91,1.1,2.7,0.3,UP,0.8333,0.69,11
2026-03-25 11:55:58,UPPER,2026-03-25,450.0,450.8,445.5,448.3,16294,448.0,0.07,450.14,450.04,450.07,451.1,-0.62,5.3,1.19,-1.7,0.8,2.8,DOWN,0.0556,0.07,11
2026-03-25 11:59:40,UPPER,2026-03-25,450.0,450.1,446.8,448.7,125693,448.0,0.16,450.04,449.83,449.96,448.3,0.09,3.3,0.74,-1.3,0.1,1.9,DOWN,0.1667,0.16,11
2026-03-25 12:02:47,UPPER,2026-03-25,450.0,451.0,448.9,449.4,158962,448.0,0.31,449.7,449.75,449.92,448.7,0.16,2.1,0.47,-0.6,1.0,0.5,DOWN,0.3611,0.32,12
2026-03-25 12:07:00,UPPER,2026-03-25,450.0,451.4,446.6,449.1,181096,448.0,0.25,449.32,449.62,449.86,449.4,-0.07,4.8,1.07,-0.9,1.4,2.5,DOWN,0.2778,0.25,12
2026-03-25 12:15:15,UPPER,2026-03-25,450.0,452.4,447.8,449.6,180707,448.0,0.36,449.02,449.76,449.84,449.1,0.11,4.6,1.03,-0.4,2.4,1.8,DOWN,0.4167,0.36,12
2026-03-25 12:18:39,UPPER,2026-03-25,450.0,451.4,449.8,450.3,192786,448.0,0.51,449.42,449.78,449.87,449.6,0.16,1.6,0.36,0.3,1.1,0.2,UP,0.6111,0.52,12
2026-03-25 12:21:46,UPPER,2026-03-25,450.0,450.2,450.0,450.0,39214,448.0,0.45,449.68,449.86,449.88,450.3,-0.07,0.2,0.04,0.0,0.2,0.0,UP,0.5278,0.45,12
2026-03-25 12:24:50,UPPER,2026-03-25,450.0,452.4,450.0,450.6,77226,448.0,0.58,449.92,449.81,449.92,450.0,0.13,2.4,0.53,0.6,1.8,0.0,UP,0.6944,0.58,12
2026-03-25 12:36:50,UPPER,2026-03-25,450.0,451.5,448.8,450.3,40093,448.0,0.51,450.16,449.74,449.94,450.6,-0.07,2.7,0.6,0.3,1.2,1.2,UP,0.6111,0.51,12
2026-03-25 12:40:36,UPPER,2026-03-25,450.0,452.0,448.2,449.8,175705,448.0,0.4,450.2,449.61,449.93,450.3,-0.11,3.8,0.85,-0.2,2.0,1.6,DOWN,0.4722,0.4,12
2026-03-25 12:46:45,UPPER,2026-03-25,450.0,453.1,448.1,450.5,117625,448.0,0.56,450.24,449.83,449.94,449.8,0.16,5.0,1.12,0.5,2.6,1.9,UP,0.6667,0.56,12
2026-03-25 12:49:57,UPPER,2026-03-25,450.0,450.3,447.2,448.8,123959,448.0,0.18,450.0,449.84,449.83,450.5,-0.38,3.1,0.69,-1.2,0.3,1.6,DOWN,0.1944,0.18,12
2026-03-25 12:53:27,UPPER,2026-03-25,450.0,452.0,447.8,449.1,157135,448.0,0.25,449.7,449.81,449.78,448.8,0.07,4.2,0.94,-0.9,2.0,1.3,DOWN,0.2778,0.25,12
2026-03-25 13:02:37,UPPER,2026-03-25,450.0,452.0,448.8,451.3,194288,448.0,0.74,449.9,450.03,449.82,449.1,0.49,3.2,0.71,1.3,0.7,1.2,UP,0.8889,0.74,13
2026-03-25 13:07:20,UPPER,2026-03-25,450.0,451.9,447.4,450.2,151088,448.0,0.49,449.98,450.09,449.92,451.3,-0.24,4.5,1.01,0.2,1.7,2.6,UP,0.5833,0.5,13
2026-03-25 13:10:23,UPPER,2026-03-25,450.0,452.6,448.0,450.1,148782,448.0,0.47,449.9,450.07,449.92,450.2,-0.02,4.6,1.03,0.1,2.5,2.0,UP,0.5556,0.48,13
2026-03-25 13:15:58,UPPER,2026-03-25,450.0,452.5,449.6,451.2,182842,448.0,0.71,450.38,450.19,450.02,450.1,0.24,2.9,0.65,1.2,1.3,0.4,UP,0.8611,0.72,13
2026-03-25 13:21:19,UPPER,2026-03-25,450.0,453.8,448.8,451.3,143480,448.0,0.74,450.82,450.26,450.04,451.2,0.02,5.0,1.11,1.3,2.5,1.2,UP,0.8889,0.74,13
2026-03-25 13:28:18,UPPER,2026-03-25,450.0,450.9,449.0,450.6,155733,448.0,0.58,450.68,450.29,450.02,451.3,-0.16,1.9,0.42,0.6,0.3,1.0,UP,0.6944,0.58,13
2026-03-25 13:32:42,UPPER,2026-03-25,450.0,452.7,449.5,450.5,120559,448.0,0.56,450.74,450.36,449.98,450.6,-0.02,3.2,0.71,0.5,2.2,0.5,UP,0.6667,0.56,13
2026-03-25 13:36:16,UPPER,2026-03-25,450.0,453.1,449.8,450.4,137463,448.0,0.54,450.8,450.35,450.09,450.5,-0.02,3.3,0.73,0.4,2.7,0.2,UP,0.6389,0.54,13
2026-03-25 13:39:29,UPPER,2026-03-25,450.0,450.1,446.6,448.9,149594,448.0,0.2,450.34,450.36,450.1,450.4,-0.33,3.5,0.78,-1.1,0.1,2.3,DOWN,0.2222,0.21,13
2026-03-25 13:43:41,UPPER,2026-03-25,450.0,452.1,448.7,449.5,69825,448.0,0.33,449.98,450.4,450.1,448.9,0.13,3.4,0.76,-0.5,2.1,0.8,DOWN,0.3889,0.34,13
2026-03-25 13:47:18,UPPER,2026-03-25,450.0,450.6,448.7,449.2,29947,448.0,0.27,449.7,450.19,450.11,449.5,-0.07,1.9,0.42,-0.8,0.6,0.5,DOWN,0.3056,0.27,13
2026-03-25 14:01:27,UPPER,2026-03-25,450.0,453.2,448.8,451.5,185148,448.0,0.78,449.9,450.32,450.21,449.2,0.51,4.4,0.98,1.5,1.7,1.2,UP,0.9444,0.78,14
2026-03-25 14:08:37,UPPER,2026-03-25,450.0,450.8,448.6,449.1,41056,448.0,0.25,449.64,450.22,450.14,451.5,-0.53,2.2,0.49,-0.9,0.8,0.5,DOWN,0.2778,0.25,14
2026-03-25 14:18:49,UPPER,2026-03-25,450.0,451.2,448.6,450.3,157331,448.0,0.51,449.92,450.13,450.16,449.1,0.27,2.6,0.58,0.3,0.9,1.4,UP,0.6111,0.52,14
2026-03-25 14:23:02,UPPER,2026-03-25,450.0,451.8,448.8,450.2,163453,448.0,0.49,450.06,450.02,450.14,450.3,-0.02,3.0,0.67,0.2,1.6,1.2,UP,0.5833,0.5,14
2026-03-25 14:27:16,UPPER,2026-03-25,450.0,452.3,449.8,451.7,40737,448.0,0.83,450.56,450.13,450.21,450.2,0.33,2.5,0.56,1.7,0.6,0.2,UP,1.0,0.83,14
2026-03-25 14:32:57,UPPER,2026-03-25,450.0,452.1,449.4,450.9,58815,448.0,0.65,450.44,450.17,450.26,451.7,-0.18,2.7,0.6,0.9,1.2,0.6,UP,0.7778,0.65,14
2026-03-25 14:37:02,UPPER,2026-03-25,450.0,450.9,445.9,448.1,126942,448.0,0.02,450.24,449.94,450.14,450.9,-0.62,5.0,1.12,-1.9,0.9,2.2,DOWN,0.0,0.03,14
2026-03-25 14:45:39,UPPER,2026-03-25,450.0,451.2,446.8,449.0,90549,448.0,0.22,449.98,449.95,450.16,448.1,0.2,4.4,0.98,-1.0,1.2,2.2,DOWN,0.25,0.23,14
2026-03-25 14:56:47,UPPER,2026-03-25,450.0,451.3,447.4,449.9,133091,448.0,0.42,449.92,449.99,450.2,449.0,0.2,3.9,0.87,-0.1,1.3,2.5,DOWN,0.5,0.43,14
